TransactionId,ProductName,ProductPrice,CustomerName,SaleDateTime
TXN-20401,Smartphone,850.0,Sara Ali Khan,2024-01-02 04:11:22
TXN-20429,Tablet,500.0,Manish Malhotra,2024-01-02 05:32:14
TXN-20179,Monitor,300.0,Ishani Das,2024-01-03 01:10:29
TXN-20573,Keyboard,45.0,Ananya Verma,2024-01-03 19:05:37
TXN-20980,Keyboard,45.0,Ananya Verma,2024-01-03 23:10:51
TXN-20842,Mouse,25.0,Priya Singh,2024-01-04 01:03:56
TXN-20818,Keyboard,45.0,Rohan Gupta,2024-01-05 00:23:07
TXN-20787,Tablet,500.0,Manish Malhotra,2024-01-05 06:39:25
TXN-20643,Keyboard,45.0,Sneha Kulkarni,2024-01-05 20:23:41
TXN-21183,Headphones,150.0,Arjun Sharma,2024-01-06 04:44:16
TXN-20770,Keyboard,45.0,Rohan Gupta,2024-01-06 07:44:22
TXN-20795,Keyboard,45.0,Vikram Malhotra,2024-01-06 15:49:04
TXN-20227,Headphones,150.0,Ananya Verma,2024-01-07 00:32:41
TXN-20263,Monitor,300.0,Ananya Verma,2024-01-09 04:27:53
TXN-20186,Keyboard,45.0,Kabir Mehra,2024-01-09 08:06:46
TXN-20007,Keyboard,45.0,Kabir Mehra,2024-01-09 19:07:18
TXN-20342,Laptop,1200.0,Kabir Mehra,2024-01-09 23:06:05
TXN-21132,Webcam,75.0,Sneha Kulkarni,2024-01-10 03:18:02
TXN-20758,Headphones,150.0,Manish Malhotra,2024-01-10 07:21:58
TXN-20549,Tablet,500.0,Karan Johar,2024-01-10 22:09:56
TXN-20672,Mouse,25.0,Arjun Sharma,2024-01-12 08:29:55
TXN-20943,Mouse,25.0,Manish Malhotra,2024-01-13 13:57:33
TXN-20213,Keyboard,45.0,Kabir Mehra,2024-01-14 04:12:14
TXN-21054,Webcam,75.0,Vikram Malhotra,2024-01-14 06:26:42
TXN-20925,Tablet,500.0,Manish Malhotra,2024-01-14 12:37:48
TXN-20389,Smartphone,850.0,Kabir Mehra,2024-01-15 18:35:03
TXN-20849,Headphones,150.0,Rohan Gupta,2024-01-15 19:32:51
TXN-20831,Webcam,75.0,Sneha Kulkarni,2024-01-17 04:31:15
TXN-20684,Laptop,1200.0,Priya Singh,2024-01-17 04:35:38
TXN-20462,Tablet,500.0,Rohan Gupta,2024-01-17 08:26:21
TXN-20253,Monitor,300.0,Vikram Malhotra,2024-01-17 13:23:37
TXN-20417,Monitor,300.0,Manish Malhotra,2024-01-17 23:18:04
TXN-20307,Webcam,75.0,Rahul Joshi,2024-01-18 13:01:48
TXN-20407,Keyboard,45.0,Meera Nair,2024-01-18 22:51:12
TXN-20185,Smartphone,850.0,Karan Johar,2024-01-19 04:54:53
TXN-21110,Headphones,150.0,Kabir Mehra,2024-01-20 05:31:14
TXN-20199,Monitor,300.0,Ananya Verma,2024-01-20 11:41:07
TXN-20877,Smartphone,850.0,Manish Malhotra,2024-01-20 13:54:40
TXN-20879,Tablet,500.0,Manish Malhotra,2024-01-20 15:05:55
TXN-20722,Keyboard,45.0,Ananya Verma,2024-01-20 16:54:34
TXN-20120,Monitor,300.0,Meera Nair,2024-01-21 12:00:26
TXN-20867,Keyboard,45.0,Manish Malhotra,2024-01-21 14:44:20
TXN-21162,Webcam,75.0,Sara Ali Khan,2024-01-22 02:46:08
TXN-20376,Headphones,150.0,Sara Ali Khan,2024-01-22 05:07:52
TXN-20491,Laptop,1200.0,Sneha Kulkarni,2024-01-22 22:20:44
TXN-20516,Laptop,1200.0,Kabir Mehra,2024-01-24 17:31:35
TXN-20525,Smartphone,850.0,Manish Malhotra,2024-01-24 19:33:47
TXN-20127,Keyboard,45.0,Kabir Mehra,2024-01-25 08:00:24
TXN-21170,Monitor,300.0,Meera Nair,2024-01-25 10:04:56
TXN-20243,Webcam,75.0,Aditya Rao,2024-01-26 19:59:59
TXN-20285,Smartphone,850.0,Manish Malhotra,2024-01-27 03:35:14
TXN-20131,Webcam,75.0,Vikram Malhotra,2024-01-27 13:19:17
TXN-20545,Headphones,150.0,Arjun Sharma,2024-01-28 01:21:51
TXN-20663,Monitor,300.0,Rohan Gupta,2024-01-28 05:38:59
TXN-20659,Keyboard,45.0,Sneha Kulkarni,2024-01-28 11:10:47
TXN-20940,Tablet,500.0,Rahul Joshi,2024-01-29 02:50:07
TXN-20260,Headphones,150.0,Arjun Sharma,2024-01-29 07:38:43
TXN-20761,Smartphone,850.0,Meera Nair,2024-01-30 16:43:52
TXN-20272,Mouse,25.0,Rohan Gupta,2024-01-30 23:23:24
TXN-20456,Headphones,150.0,Kabir Mehra,2024-01-31 00:01:36
TXN-20323,Laptop,1200.0,Karan Johar,2024-01-31 15:45:39
TXN-20751,Keyboard,45.0,Saira Khan,2024-01-31 17:46:18
TXN-20526,Headphones,150.0,Saira Khan,2024-02-01 02:09:41
TXN-20646,Webcam,75.0,Kabir Mehra,2024-02-01 07:41:53
TXN-20039,Keyboard,45.0,Rahul Joshi,2024-02-01 13:11:23
TXN-20970,Mouse,25.0,Vikram Malhotra,2024-02-04 01:42:19
TXN-20471,Monitor,300.0,Rohan Gupta,2024-02-04 13:59:30
TXN-20569,Monitor,300.0,Karan Johar,2024-02-04 15:50:59
TXN-20752,Smartphone,850.0,Arjun Sharma,2024-02-05 03:40:32
TXN-20300,Monitor,300.0,Aditya Rao,2024-02-05 08:54:51
TXN-20170,Keyboard,45.0,Karan Johar,2024-02-05 12:11:43
TXN-20534,Smartphone,850.0,Rohan Gupta,2024-02-05 13:53:56
TXN-20992,Smartphone,850.0,Arjun Sharma,2024-02-05 15:39:00
TXN-20527,Webcam,75.0,Vikram Malhotra,2024-02-05 17:56:32
TXN-21084,Smartphone,850.0,Karan Johar,2024-02-06 09:37:26
TXN-20134,Headphones,150.0,Arjun Sharma,2024-02-06 12:24:13
TXN-20779,Webcam,75.0,Priya Singh,2024-02-06 16:32:33
TXN-20387,Headphones,150.0,Rohan Gupta,2024-02-06 18:39:29
TXN-20676,Tablet,500.0,Priya Singh,2024-02-06 20:10:51
TXN-20697,Headphones,150.0,Kabir Mehra,2024-02-07 14:01:23
TXN-20349,Monitor,300.0,Meera Nair,2024-02-08 22:57:23
TXN-20736,Smartphone,850.0,Ananya Verma,2024-02-09 21:25:00
TXN-21130,Mouse,25.0,Karan Johar,2024-02-10 04:42:24
TXN-21098,Smartphone,850.0,Karan Johar,2024-02-10 15:53:03
TXN-20132,Mouse,25.0,Ishani Das,2024-02-10 16:17:52
TXN-20962,Keyboard,45.0,Rahul Joshi,2024-02-11 01:16:06
TXN-21190,Laptop,1200.0,Sara Ali Khan,2024-02-11 06:01:21
TXN-20979,Tablet,500.0,Rahul Joshi,2024-02-11 07:35:42
TXN-20949,Smartphone,850.0,Rahul Joshi,2024-02-11 17:49:43
TXN-21037,Smartphone,850.0,Sara Ali Khan,2024-02-11 19:59:04
TXN-20837,Smartphone,850.0,Aditya Rao,2024-02-11 22:43:13
TXN-20928,Webcam,75.0,Kabir Mehra,2024-02-11 23:33:03
TXN-20129,Headphones,150.0,Manish Malhotra,2024-02-12 08:50:25
TXN-21154,Headphones,150.0,Kabir Mehra,2024-02-12 23:08:45
TXN-21016,Headphones,150.0,Aditya Rao,2024-02-13 14:30:57
TXN-21044,Keyboard,45.0,Priya Singh,2024-02-13 17:09:15
TXN-21029,Tablet,500.0,Arjun Sharma,2024-02-14 12:57:00
TXN-20820,Keyboard,45.0,Aditya Rao,2024-02-15 10:11:43
TXN-20259,Smartphone,850.0,Ananya Verma,2024-02-15 13:35:57
TXN-20094,Webcam,75.0,Sara Ali Khan,2024-02-16 02:10:57
TXN-20468,Tablet,500.0,Ananya Verma,2024-02-16 08:02:10
TXN-20228,Laptop,1200.0,Karan Johar,2024-02-17 08:28:23
TXN-21039,Laptop,1200.0,Saira Khan,2024-02-17 14:18:33
TXN-20267,Webcam,75.0,Kabir Mehra,2024-02-17 17:46:47
TXN-20328,Mouse,25.0,Rahul Joshi,2024-02-17 22:54:08
TXN-20245,Tablet,500.0,Kabir Mehra,2024-02-18 14:32:27
TXN-20859,Mouse,25.0,Vikram Malhotra,2024-02-18 17:59:43
TXN-20082,Monitor,300.0,Sara Ali Khan,2024-02-18 19:02:10
TXN-20241,Mouse,25.0,Priya Singh,2024-02-19 02:20:05
TXN-20514,Headphones,150.0,Rohan Gupta,2024-02-19 23:12:25
TXN-20891,Smartphone,850.0,Sara Ali Khan,2024-02-20 11:16:05
TXN-20202,Monitor,300.0,Arjun Sharma,2024-02-20 19:45:05
TXN-20106,Webcam,75.0,Rahul Joshi,2024-02-21 03:23:16
TXN-20237,Headphones,150.0,Saira Khan,2024-02-21 09:46:44
TXN-20531,Mouse,25.0,Saira Khan,2024-02-21 09:52:20
TXN-20775,Mouse,25.0,Ananya Verma,2024-02-21 19:19:31
TXN-20028,Monitor,300.0,Manish Malhotra,2024-02-22 04:15:50
TXN-20905,Tablet,500.0,Priya Singh,2024-02-22 07:13:50
TXN-20804,Keyboard,45.0,Arjun Sharma,2024-02-23 07:00:59
TXN-20675,Tablet,500.0,Vikram Malhotra,2024-02-23 11:11:02
TXN-20885,Monitor,300.0,Priya Singh,2024-02-24 05:03:10
TXN-20093,Mouse,25.0,Rohan Gupta,2024-02-24 14:24:00
TXN-20212,Headphones,150.0,Manish Malhotra,2024-02-25 23:34:09
TXN-20046,Keyboard,45.0,Sneha Kulkarni,2024-02-26 17:41:19
TXN-20076,Monitor,300.0,Meera Nair,2024-02-27 03:08:17
TXN-20118,Laptop,1200.0,Aditya Rao,2024-02-27 03:40:26
TXN-20495,Monitor,300.0,Sara Ali Khan,2024-02-27 18:02:38
TXN-20382,Smartphone,850.0,Manish Malhotra,2024-02-28 01:05:16
TXN-20009,Monitor,300.0,Arjun Sharma,2024-02-28 01:22:13
TXN-20626,Monitor,300.0,Rohan Gupta,2024-02-28 09:35:13
TXN-21193,Monitor,300.0,Sneha Kulkarni,2024-02-28 11:46:28
TXN-20003,Smartphone,850.0,Kabir Mehra,2024-02-28 17:00:50
TXN-20070,Webcam,75.0,Priya Singh,2024-02-29 03:51:06
TXN-20776,Mouse,25.0,Meera Nair,2024-02-29 13:52:10
TXN-20334,Headphones,150.0,Aditya Rao,2024-02-29 16:04:30
TXN-20566,Monitor,300.0,Aditya Rao,2024-02-29 18:31:35
TXN-20604,Tablet,500.0,Arjun Sharma,2024-03-03 01:18:43
TXN-20853,Monitor,300.0,Aditya Rao,2024-03-03 05:26:56
TXN-20511,Tablet,500.0,Vikram Malhotra,2024-03-03 05:42:09
TXN-20720,Mouse,25.0,Manish Malhotra,2024-03-05 01:56:01
TXN-21033,Laptop,1200.0,Aditya Rao,2024-03-05 07:00:17
TXN-20510,Headphones,150.0,Ishani Das,2024-03-05 07:43:14
TXN-21116,Monitor,300.0,Priya Singh,2024-03-06 02:32:37
TXN-21178,Smartphone,850.0,Rohan Gupta,2024-03-06 07:44:11
TXN-20821,Smartphone,850.0,Priya Singh,2024-03-06 20:20:02
TXN-20066,Headphones,150.0,Sara Ali Khan,2024-03-07 06:27:02
TXN-20141,Webcam,75.0,Sneha Kulkarni,2024-03-07 11:09:15
TXN-20578,Keyboard,45.0,Rahul Joshi,2024-03-07 16:05:37
TXN-20304,Keyboard,45.0,Rohan Gupta,2024-03-09 05:45:01
TXN-20714,Mouse,25.0,Sneha Kulkarni,2024-03-09 15:12:03
TXN-21120,Keyboard,45.0,Ananya Verma,2024-03-09 18:25:26
TXN-20500,Headphones,150.0,Rahul Joshi,2024-03-10 06:40:00
TXN-21194,Webcam,75.0,Rahul Joshi,2024-03-10 11:54:41
TXN-20416,Mouse,25.0,Meera Nair,2024-03-11 03:49:02
TXN-21176,Webcam,75.0,Meera Nair,2024-03-11 10:19:29
TXN-20703,Smartphone,850.0,Rahul Joshi,2024-03-11 11:14:22
TXN-20838,Tablet,500.0,Priya Singh,2024-03-12 04:04:12
TXN-20196,Monitor,300.0,Sara Ali Khan,2024-03-12 07:01:28
TXN-20137,Headphones,150.0,Rohan Gupta,2024-03-13 02:20:52
TXN-20092,Tablet,500.0,Meera Nair,2024-03-13 05:22:50
TXN-20283,Tablet,500.0,Saira Khan,2024-03-13 05:32:55
TXN-20805,Mouse,25.0,Karan Johar,2024-03-13 18:41:47
TXN-21118,Smartphone,850.0,Saira Khan,2024-03-13 22:16:46
TXN-20704,Monitor,300.0,Ananya Verma,2024-03-13 23:53:26
TXN-20832,Keyboard,45.0,Rohan Gupta,2024-03-14 21:54:53
TXN-21041,Tablet,500.0,Meera Nair,2024-03-15 01:33:20
TXN-20597,Tablet,500.0,Kabir Mehra,2024-03-15 08:43:41
TXN-20819,Smartphone,850.0,Sneha Kulkarni,2024-03-15 08:45:08
TXN-20711,Headphones,150.0,Arjun Sharma,2024-03-15 12:01:41
TXN-20015,Laptop,1200.0,Vikram Malhotra,2024-03-15 16:53:40
TXN-20700,Tablet,500.0,Manish Malhotra,2024-03-16 04:04:15
TXN-20875,Mouse,25.0,Saira Khan,2024-03-16 13:06:19
TXN-20988,Smartphone,850.0,Vikram Malhotra,2024-03-17 15:32:38
TXN-20278,Keyboard,45.0,Aditya Rao,2024-03-17 15:34:38
TXN-20686,Webcam,75.0,Ishani Das,2024-03-18 07:23:11
TXN-20075,Laptop,1200.0,Manish Malhotra,2024-03-18 14:14:39
TXN-20653,Tablet,500.0,Aditya Rao,2024-03-18 19:12:49
TXN-20632,Laptop,1200.0,Sara Ali Khan,2024-03-19 08:28:36
TXN-20947,Headphones,150.0,Arjun Sharma,2024-03-19 13:34:26
TXN-20673,Webcam,75.0,Ananya Verma,2024-03-19 17:20:30
TXN-20038,Mouse,25.0,Sara Ali Khan,2024-03-19 21:14:07
TXN-20766,Tablet,500.0,Karan Johar,2024-03-20 10:48:55
TXN-20091,Monitor,300.0,Arjun Sharma,2024-03-21 00:57:01
TXN-20563,Smartphone,850.0,Vikram Malhotra,2024-03-21 09:28:13
TXN-20353,Webcam,75.0,Ananya Verma,2024-03-21 14:36:28
TXN-21175,Laptop,1200.0,Ananya Verma,2024-03-21 22:04:06
TXN-20706,Monitor,300.0,Ananya Verma,2024-03-22 15:16:37
TXN-20772,Mouse,25.0,Sneha Kulkarni,2024-03-23 01:29:40
TXN-21198,Webcam,75.0,Sara Ali Khan,2024-03-23 23:35:03
TXN-20351,Keyboard,45.0,Priya Singh,2024-03-24 02:26:34
TXN-20794,Headphones,150.0,Rahul Joshi,2024-03-24 12:46:34
TXN-20361,Monitor,300.0,Saira Khan,2024-03-24 17:37:02
TXN-20843,Monitor,300.0,Vikram Malhotra,2024-03-25 07:53:55
TXN-20927,Laptop,1200.0,Meera Nair,2024-03-26 12:53:25
TXN-21079,Laptop,1200.0,Karan Johar,2024-03-27 03:05:42
TXN-20987,Monitor,300.0,Saira Khan,2024-03-27 09:25:05
TXN-21182,Webcam,75.0,Ananya Verma,2024-03-28 00:56:53
TXN-20022,Mouse,25.0,Kabir Mehra,2024-03-28 09:40:43
TXN-21022,Laptop,1200.0,Saira Khan,2024-03-28 23:00:47
TXN-20802,Webcam,75.0,Aditya Rao,2024-03-29 01:17:44
TXN-20865,Webcam,75.0,Sneha Kulkarni,2024-03-29 04:22:36
TXN-20393,Webcam,75.0,Saira Khan,2024-03-29 15:56:06
TXN-20305,Headphones,150.0,Rohan Gupta,2024-03-29 21:19:52
TXN-21063,Tablet,500.0,Arjun Sharma,2024-03-30 06:42:25
TXN-20144,Tablet,500.0,Aditya Rao,2024-03-30 10:16:40
TXN-20881,Webcam,75.0,Sara Ali Khan,2024-03-31 03:25:23
TXN-20032,Headphones,150.0,Ishani Das,2024-03-31 08:29:35
TXN-20079,Tablet,500.0,Kabir Mehra,2024-03-31 22:42:29
TXN-20506,Mouse,25.0,Sneha Kulkarni,2024-04-01 03:31:00
TXN-20365,Monitor,300.0,Kabir Mehra,2024-04-01 11:57:18
TXN-20989,Laptop,1200.0,Aditya Rao,2024-04-01 15:10:03
TXN-20208,Smartphone,850.0,Saira Khan,2024-04-01 22:30:37
TXN-20035,Webcam,75.0,Ananya Verma,2024-04-02 15:54:44
TXN-20223,Webcam,75.0,Ishani Das,2024-04-02 19:20:41
TXN-20200,Laptop,1200.0,Rohan Gupta,2024-04-03 12:39:41
TXN-20826,Laptop,1200.0,Rahul Joshi,2024-04-03 13:54:36
TXN-20623,Headphones,150.0,Manish Malhotra,2024-04-04 05:49:10
TXN-20362,Keyboard,45.0,Sara Ali Khan,2024-04-04 22:15:46
TXN-20678,Tablet,500.0,Karan Johar,2024-04-04 22:20:02
TXN-20558,Monitor,300.0,Karan Johar,2024-04-05 09:20:54
TXN-20058,Smartphone,850.0,Arjun Sharma,2024-04-05 10:40:29
TXN-20771,Mouse,25.0,Manish Malhotra,2024-04-06 06:11:02
TXN-20614,Webcam,75.0,Karan Johar,2024-04-06 11:08:48
TXN-21023,Keyboard,45.0,Vikram Malhotra,2024-04-06 18:47:25
TXN-20187,Tablet,500.0,Sara Ali Khan,2024-04-06 20:07:17
TXN-20889,Laptop,1200.0,Rahul Joshi,2024-04-07 01:18:36
TXN-21123,Keyboard,45.0,Karan Johar,2024-04-07 20:01:22
TXN-21006,Smartphone,850.0,Saira Khan,2024-04-07 20:29:17
TXN-20647,Mouse,25.0,Priya Singh,2024-04-08 02:28:41
TXN-20862,Webcam,75.0,Rohan Gupta,2024-04-08 05:53:52
TXN-20757,Monitor,300.0,Sneha Kulkarni,2024-04-08 07:25:04
TXN-20565,Keyboard,45.0,Priya Singh,2024-04-08 17:04:43
TXN-21106,Mouse,25.0,Priya Singh,2024-04-09 05:54:40
TXN-20669,Smartphone,850.0,Arjun Sharma,2024-04-10 15:18:14
TXN-20948,Keyboard,45.0,Ishani Das,2024-04-10 22:26:57
TXN-20399,Laptop,1200.0,Vikram Malhotra,2024-04-11 02:15:33
TXN-20048,Webcam,75.0,Rohan Gupta,2024-04-11 18:00:46
TXN-20642,Tablet,500.0,Sneha Kulkarni,2024-04-12 00:33:59
TXN-20968,Keyboard,45.0,Sneha Kulkarni,2024-04-12 01:32:14
TXN-21158,Headphones,150.0,Priya Singh,2024-04-13 04:35:11
TXN-21060,Mouse,25.0,Rahul Joshi,2024-04-13 12:43:02
TXN-20755,Keyboard,45.0,Kabir Mehra,2024-04-13 16:59:16
TXN-20332,Monitor,300.0,Meera Nair,2024-04-13 20:06:14
TXN-20104,Smartphone,850.0,Ananya Verma,2024-04-14 05:27:50
TXN-20613,Laptop,1200.0,Arjun Sharma,2024-04-14 05:50:35
TXN-21082,Keyboard,45.0,Manish Malhotra,2024-04-14 11:53:15
TXN-20809,Monitor,300.0,Aditya Rao,2024-04-15 02:24:34
TXN-20090,Headphones,150.0,Manish Malhotra,2024-04-15 07:26:05
TXN-20959,Headphones,150.0,Meera Nair,2024-04-16 01:04:54
TXN-20650,Mouse,25.0,Priya Singh,2024-04-16 15:48:01
TXN-20327,Monitor,300.0,Aditya Rao,2024-04-16 17:01:05
TXN-20651,Laptop,1200.0,Manish Malhotra,2024-04-17 01:26:33
TXN-20157,Tablet,500.0,Aditya Rao,2024-04-18 08:22:45
TXN-21058,Laptop,1200.0,Meera Nair,2024-04-18 21:37:48
TXN-20173,Smartphone,850.0,Arjun Sharma,2024-04-19 01:23:57
TXN-20896,Webcam,75.0,Sneha Kulkarni,2024-04-19 21:50:24
TXN-20439,Webcam,75.0,Priya Singh,2024-04-19 22:54:54
TXN-20386,Tablet,500.0,Karan Johar,2024-04-20 12:15:54
TXN-21131,Mouse,25.0,Karan Johar,2024-04-21 10:54:02
TXN-20702,Monitor,300.0,Karan Johar,2024-04-22 00:53:39
TXN-20977,Mouse,25.0,Sneha Kulkarni,2024-04-22 18:32:00
TXN-20872,Laptop,1200.0,Manish Malhotra,2024-04-22 23:06:01
TXN-21026,Laptop,1200.0,Karan Johar,2024-04-23 08:32:47
TXN-20040,Smartphone,850.0,Kabir Mehra,2024-04-23 09:08:58
TXN-20796,Headphones,150.0,Saira Khan,2024-04-23 10:11:03
TXN-20789,Monitor,300.0,Karan Johar,2024-04-23 12:39:57
TXN-20956,Headphones,150.0,Arjun Sharma,2024-04-23 16:01:09
TXN-20497,Mouse,25.0,Meera Nair,2024-04-23 17:24:02
TXN-20658,Headphones,150.0,Ananya Verma,2024-04-24 02:22:28
TXN-20571,Keyboard,45.0,Manish Malhotra,2024-04-24 19:58:24
TXN-20639,Smartphone,850.0,Kabir Mehra,2024-04-25 12:29:47
TXN-20112,Laptop,1200.0,Sara Ali Khan,2024-04-25 13:40:15
TXN-20882,Headphones,150.0,Vikram Malhotra,2024-04-25 22:16:14
TXN-20443,Webcam,75.0,Ishani Das,2024-04-26 09:30:06
TXN-21094,Keyboard,45.0,Sneha Kulkarni,2024-04-26 20:35:23
TXN-20178,Headphones,150.0,Ishani Das,2024-04-27 07:03:02
TXN-21007,Smartphone,850.0,Arjun Sharma,2024-04-27 21:14:52
TXN-21112,Webcam,75.0,Rohan Gupta,2024-04-28 08:00:58
TXN-21187,Headphones,150.0,Saira Khan,2024-04-30 10:10:39
TXN-20059,Keyboard,45.0,Manish Malhotra,2024-05-01 11:36:30
TXN-20557,Smartphone,850.0,Rohan Gupta,2024-05-01 15:32:04
TXN-20576,Headphones,150.0,Manish Malhotra,2024-05-01 17:20:23
TXN-20311,Monitor,300.0,Ananya Verma,2024-05-01 19:14:24
TXN-20521,Headphones,150.0,Rahul Joshi,2024-05-02 01:15:35
TXN-20239,Headphones,150.0,Priya Singh,2024-05-02 19:15:41
TXN-20503,Tablet,500.0,Saira Khan,2024-05-04 11:20:05
TXN-20460,Laptop,1200.0,Priya Singh,2024-05-05 04:52:43
TXN-20034,Laptop,1200.0,Sara Ali Khan,2024-05-05 07:44:13
TXN-20790,Laptop,1200.0,Meera Nair,2024-05-05 10:32:16
TXN-20287,Mouse,25.0,Ananya Verma,2024-05-05 20:25:08
TXN-20398,Laptop,1200.0,Sara Ali Khan,2024-05-06 02:12:21
TXN-21048,Headphones,150.0,Sara Ali Khan,2024-05-06 10:35:14
TXN-20724,Laptop,1200.0,Vikram Malhotra,2024-05-06 13:25:45
TXN-21047,Keyboard,45.0,Rahul Joshi,2024-05-07 00:57:01
TXN-21075,Tablet,500.0,Aditya Rao,2024-05-07 08:21:27
TXN-20486,Laptop,1200.0,Arjun Sharma,2024-05-09 01:00:44
TXN-20654,Laptop,1200.0,Kabir Mehra,2024-05-09 14:51:40
TXN-20665,Tablet,500.0,Meera Nair,2024-05-10 15:52:32
TXN-20961,Webcam,75.0,Kabir Mehra,2024-05-12 04:14:37
TXN-20864,Mouse,25.0,Sneha Kulkarni,2024-05-12 11:16:28
TXN-20753,Keyboard,45.0,Rohan Gupta,2024-05-12 11:36:37
TXN-20780,Monitor,300.0,Kabir Mehra,2024-05-12 18:02:12
TXN-20572,Mouse,25.0,Vikram Malhotra,2024-05-13 07:28:55
TXN-20800,Laptop,1200.0,Rahul Joshi,2024-05-13 11:34:55
TXN-21027,Monitor,300.0,Sara Ali Khan,2024-05-14 02:48:09
TXN-20876,Smartphone,850.0,Karan Johar,2024-05-14 02:48:57
TXN-20543,Keyboard,45.0,Aditya Rao,2024-05-14 03:34:06
TXN-20338,Smartphone,850.0,Meera Nair,2024-05-14 06:06:30
TXN-20018,Laptop,1200.0,Saira Khan,2024-05-14 15:09:57
TXN-20483,Smartphone,850.0,Karan Johar,2024-05-15 09:30:49
TXN-20588,Smartphone,850.0,Saira Khan,2024-05-16 15:38:16
TXN-20890,Monitor,300.0,Ishani Das,2024-05-17 12:41:17
TXN-20242,Keyboard,45.0,Aditya Rao,2024-05-18 12:04:39
TXN-20582,Headphones,150.0,Kabir Mehra,2024-05-18 14:47:36
TXN-20708,Laptop,1200.0,Saira Khan,2024-05-19 07:02:32
TXN-20619,Headphones,150.0,Vikram Malhotra,2024-05-19 12:32:26
TXN-20983,Tablet,500.0,Ananya Verma,2024-05-19 15:23:08
TXN-20785,Keyboard,45.0,Meera Nair,2024-05-20 19:33:51
TXN-20378,Webcam,75.0,Sneha Kulkarni,2024-05-21 02:43:38
TXN-20114,Keyboard,45.0,Aditya Rao,2024-05-21 12:07:28
TXN-20542,Laptop,1200.0,Rahul Joshi,2024-05-22 07:26:36
TXN-21000,Laptop,1200.0,Vikram Malhotra,2024-05-22 15:24:37
TXN-20380,Monitor,300.0,Meera Nair,2024-05-22 17:34:43
TXN-21138,Tablet,500.0,Vikram Malhotra,2024-05-23 19:51:09
TXN-20513,Monitor,300.0,Ishani Das,2024-05-23 22:05:04
TXN-20014,Mouse,25.0,Karan Johar,2024-05-24 13:25:27
TXN-20712,Smartphone,850.0,Priya Singh,2024-05-24 18:10:56
TXN-20081,Mouse,25.0,Priya Singh,2024-05-25 21:06:02
TXN-20894,Tablet,500.0,Priya Singh,2024-05-26 10:10:27
TXN-21179,Monitor,300.0,Rahul Joshi,2024-05-26 16:57:07
TXN-20297,Laptop,1200.0,Ishani Das,2024-05-27 03:13:27
TXN-20568,Mouse,25.0,Rahul Joshi,2024-05-27 07:27:27
TXN-20244,Mouse,25.0,Rohan Gupta,2024-05-27 08:48:00
TXN-20668,Keyboard,45.0,Saira Khan,2024-05-27 11:03:49
TXN-20581,Webcam,75.0,Rahul Joshi,2024-05-28 02:00:14
TXN-20197,Keyboard,45.0,Sneha Kulkarni,2024-05-28 06:17:10
TXN-20274,Tablet,500.0,Kabir Mehra,2024-05-28 06:35:48
TXN-20288,Headphones,150.0,Meera Nair,2024-05-28 16:59:51
TXN-20431,Headphones,150.0,Ishani Das,2024-05-29 00:16:36
TXN-20768,Keyboard,45.0,Rahul Joshi,2024-05-29 06:19:36
TXN-20116,Keyboard,45.0,Saira Khan,2024-05-29 13:49:16
TXN-20080,Monitor,300.0,Rahul Joshi,2024-05-30 08:20:39
TXN-20670,Monitor,300.0,Rohan Gupta,2024-05-31 21:03:50
TXN-21045,Smartphone,850.0,Ananya Verma,2024-06-01 04:29:44
TXN-21096,Laptop,1200.0,Sara Ali Khan,2024-06-01 07:22:07
TXN-21021,Headphones,150.0,Priya Singh,2024-06-01 09:11:37
TXN-20599,Mouse,25.0,Karan Johar,2024-06-01 22:31:04
TXN-20247,Mouse,25.0,Ishani Das,2024-06-02 05:43:07
TXN-20577,Monitor,300.0,Ishani Das,2024-06-02 11:27:16
TXN-20266,Smartphone,850.0,Saira Khan,2024-06-03 06:36:23
TXN-20716,Keyboard,45.0,Sneha Kulkarni,2024-06-03 08:20:16
TXN-20574,Tablet,500.0,Saira Khan,2024-06-03 19:12:18
TXN-20466,Mouse,25.0,Priya Singh,2024-06-04 12:24:44
TXN-20121,Monitor,300.0,Ananya Verma,2024-06-04 15:32:18
TXN-21018,Webcam,75.0,Ananya Verma,2024-06-04 23:56:30
TXN-21040,Keyboard,45.0,Vikram Malhotra,2024-06-05 07:43:49
TXN-20211,Laptop,1200.0,Sneha Kulkarni,2024-06-06 00:30:37
TXN-20993,Keyboard,45.0,Ishani Das,2024-06-06 07:57:37
TXN-20897,Monitor,300.0,Vikram Malhotra,2024-06-07 00:19:28
TXN-21121,Mouse,25.0,Priya Singh,2024-06-07 03:36:40
TXN-21049,Keyboard,45.0,Karan Johar,2024-06-07 19:29:02
TXN-20733,Mouse,25.0,Priya Singh,2024-06-08 03:10:28
TXN-20589,Headphones,150.0,Rohan Gupta,2024-06-08 08:25:15
TXN-20155,Mouse,25.0,Manish Malhotra,2024-06-08 16:20:17
TXN-20153,Mouse,25.0,Arjun Sharma,2024-06-09 01:12:09
TXN-20476,Laptop,1200.0,Vikram Malhotra,2024-06-10 09:44:36
TXN-20836,Mouse,25.0,Priya Singh,2024-06-10 12:27:03
TXN-20224,Smartphone,850.0,Ishani Das,2024-06-11 15:38:30
TXN-20974,Mouse,25.0,Vikram Malhotra,2024-06-12 14:39:24
TXN-20016,Laptop,1200.0,Karan Johar,2024-06-13 09:05:41
TXN-20166,Keyboard,45.0,Rahul Joshi,2024-06-13 18:51:06
TXN-20375,Headphones,150.0,Manish Malhotra,2024-06-13 20:38:30
TXN-20136,Laptop,1200.0,Rohan Gupta,2024-06-14 00:59:36
TXN-20485,Webcam,75.0,Saira Khan,2024-06-14 03:55:21
TXN-20846,Monitor,300.0,Rohan Gupta,2024-06-15 09:33:30
TXN-20033,Smartphone,850.0,Sneha Kulkarni,2024-06-15 21:08:07
TXN-20217,Monitor,300.0,Vikram Malhotra,2024-06-16 01:33:16
TXN-20184,Mouse,25.0,Sara Ali Khan,2024-06-16 15:17:08
TXN-20291,Tablet,500.0,Ishani Das,2024-06-18 07:53:42
TXN-21097,Laptop,1200.0,Rahul Joshi,2024-06-18 10:44:24
TXN-20952,Laptop,1200.0,Meera Nair,2024-06-18 19:10:44
TXN-20536,Laptop,1200.0,Rahul Joshi,2024-06-19 00:41:27
TXN-20765,Smartphone,850.0,Priya Singh,2024-06-19 06:50:52
TXN-20370,Monitor,300.0,Priya Singh,2024-06-19 09:17:09
TXN-20293,Smartphone,850.0,Rahul Joshi,2024-06-19 13:36:06
TXN-20123,Headphones,150.0,Sneha Kulkarni,2024-06-19 20:41:25
TXN-20641,Smartphone,850.0,Kabir Mehra,2024-06-20 05:32:22
TXN-20481,Laptop,1200.0,Sara Ali Khan,2024-06-20 09:18:03
TXN-20322,Smartphone,850.0,Rohan Gupta,2024-06-20 21:41:29
TXN-20255,Smartphone,850.0,Rohan Gupta,2024-06-21 02:06:45
TXN-20908,Tablet,500.0,Rohan Gupta,2024-06-21 05:25:33
TXN-20674,Smartphone,850.0,Vikram Malhotra,2024-06-21 17:36:38
TXN-20839,Mouse,25.0,Kabir Mehra,2024-06-22 13:06:53
TXN-20655,Headphones,150.0,Saira Khan,2024-06-23 04:37:30
TXN-20329,Webcam,75.0,Arjun Sharma,2024-06-24 01:46:11
TXN-20336,Webcam,75.0,Arjun Sharma,2024-06-24 12:53:42
TXN-21025,Tablet,500.0,Ananya Verma,2024-06-24 21:22:39
TXN-21127,Tablet,500.0,Aditya Rao,2024-06-25 02:11:25
TXN-20624,Keyboard,45.0,Ananya Verma,2024-06-25 07:40:35
TXN-20482,Laptop,1200.0,Ananya Verma,2024-06-25 13:59:49
TXN-20100,Webcam,75.0,Saira Khan,2024-06-26 16:52:48
TXN-20326,Mouse,25.0,Aditya Rao,2024-06-26 17:05:21
TXN-20971,Keyboard,45.0,Manish Malhotra,2024-06-26 23:12:33
TXN-20251,Smartphone,850.0,Sara Ali Khan,2024-06-27 11:46:17
TXN-21192,Mouse,25.0,Ananya Verma,2024-06-27 17:01:35
TXN-20419,Keyboard,45.0,Rohan Gupta,2024-06-27 18:22:49
TXN-21055,Monitor,300.0,Aditya Rao,2024-06-29 10:22:54
TXN-21013,Headphones,150.0,Saira Khan,2024-06-29 12:33:45
TXN-20457,Monitor,300.0,Rahul Joshi,2024-06-30 03:04:18
TXN-20163,Laptop,1200.0,Aditya Rao,2024-06-30 09:19:18
TXN-20995,Laptop,1200.0,Manish Malhotra,2024-07-01 08:07:33
TXN-20938,Keyboard,45.0,Sara Ali Khan,2024-07-01 09:05:14
TXN-20683,Laptop,1200.0,Sara Ali Khan,2024-07-01 21:19:27
TXN-21164,Mouse,25.0,Manish Malhotra,2024-07-01 21:52:11
TXN-20781,Headphones,150.0,Rahul Joshi,2024-07-02 04:29:34
TXN-20590,Webcam,75.0,Rahul Joshi,2024-07-02 10:01:04
TXN-20999,Mouse,25.0,Meera Nair,2024-07-02 12:46:35
TXN-21008,Laptop,1200.0,Arjun Sharma,2024-07-03 01:36:55
TXN-21086,Smartphone,850.0,Rohan Gupta,2024-07-03 03:23:54
TXN-20138,Webcam,75.0,Priya Singh,2024-07-04 20:07:06
TXN-20150,Webcam,75.0,Vikram Malhotra,2024-07-05 00:10:49
TXN-20412,Laptop,1200.0,Karan Johar,2024-07-05 03:06:31
TXN-20189,Webcam,75.0,Aditya Rao,2024-07-05 12:14:19
TXN-20426,Headphones,150.0,Aditya Rao,2024-07-06 01:29:37
TXN-21150,Monitor,300.0,Priya Singh,2024-07-06 02:18:27
TXN-21108,Keyboard,45.0,Priya Singh,2024-07-06 16:38:56
TXN-21113,Laptop,1200.0,Manish Malhotra,2024-07-06 22:55:04
TXN-21171,Smartphone,850.0,Rahul Joshi,2024-07-07 11:02:42
TXN-20060,Tablet,500.0,Priya Singh,2024-07-07 15:25:02
TXN-20901,Headphones,150.0,Arjun Sharma,2024-07-07 18:35:05
TXN-20515,Laptop,1200.0,Vikram Malhotra,2024-07-07 21:30:09
TXN-20878,Webcam,75.0,Meera Nair,2024-07-09 01:42:43
TXN-20337,Laptop,1200.0,Aditya Rao,2024-07-09 09:56:23
TXN-20355,Mouse,25.0,Karan Johar,2024-07-09 15:18:13
TXN-20215,Tablet,500.0,Priya Singh,2024-07-10 18:22:14
TXN-20493,Keyboard,45.0,Ishani Das,2024-07-10 21:45:50
TXN-20507,Webcam,75.0,Rohan Gupta,2024-07-12 00:55:07
TXN-20797,Monitor,300.0,Manish Malhotra,2024-07-12 10:59:12
TXN-20730,Monitor,300.0,Priya Singh,2024-07-12 19:44:52
TXN-20472,Keyboard,45.0,Ananya Verma,2024-07-13 12:23:53
TXN-21137,Mouse,25.0,Ananya Verma,2024-07-13 13:47:01
TXN-20487,Mouse,25.0,Manish Malhotra,2024-07-14 04:24:11
TXN-21172,Webcam,75.0,Saira Khan,2024-07-14 05:10:39
TXN-20074,Keyboard,45.0,Sneha Kulkarni,2024-07-14 17:05:03
TXN-20950,Keyboard,45.0,Kabir Mehra,2024-07-15 03:08:00
TXN-20440,Headphones,150.0,Rahul Joshi,2024-07-15 13:01:28
TXN-20240,Monitor,300.0,Manish Malhotra,2024-07-16 00:40:20
TXN-21169,Webcam,75.0,Kabir Mehra,2024-07-16 00:41:41
TXN-21005,Webcam,75.0,Rahul Joshi,2024-07-16 02:59:30
TXN-21004,Smartphone,850.0,Meera Nair,2024-07-16 10:46:30
TXN-20043,Headphones,150.0,Manish Malhotra,2024-07-16 12:15:51
TXN-20944,Headphones,150.0,Rohan Gupta,2024-07-17 07:26:56
TXN-20942,Headphones,150.0,Saira Khan,2024-07-18 04:48:34
TXN-21099,Webcam,75.0,Meera Nair,2024-07-18 12:48:48
TXN-20926,Tablet,500.0,Aditya Rao,2024-07-18 23:58:06
TXN-20343,Smartphone,850.0,Kabir Mehra,2024-07-19 00:49:46
TXN-20951,Webcam,75.0,Manish Malhotra,2024-07-19 17:30:01
TXN-20354,Webcam,75.0,Meera Nair,2024-07-21 02:05:09
TXN-20174,Laptop,1200.0,Aditya Rao,2024-07-21 20:56:37
TXN-20707,Headphones,150.0,Manish Malhotra,2024-07-22 06:39:28
TXN-20262,Keyboard,45.0,Rahul Joshi,2024-07-22 13:04:05
TXN-21107,Webcam,75.0,Ananya Verma,2024-07-22 16:15:12
TXN-20445,Smartphone,850.0,Karan Johar,2024-07-22 21:39:40
TXN-20687,Mouse,25.0,Vikram Malhotra,2024-07-22 23:16:23
TXN-21052,Mouse,25.0,Saira Khan,2024-07-23 15:35:52
TXN-20183,Smartphone,850.0,Karan Johar,2024-07-23 21:41:13
TXN-20465,Headphones,150.0,Kabir Mehra,2024-07-24 19:24:36
TXN-20470,Monitor,300.0,Ishani Das,2024-07-24 22:21:49
TXN-20459,Mouse,25.0,Karan Johar,2024-07-25 09:53:40
TXN-20505,Mouse,25.0,Priya Singh,2024-07-27 01:45:36
TXN-20851,Tablet,500.0,Karan Johar,2024-07-27 04:14:11
TXN-20547,Laptop,1200.0,Priya Singh,2024-07-27 07:13:54
TXN-21185,Mouse,25.0,Sneha Kulkarni,2024-07-28 14:21:03
TXN-20946,Keyboard,45.0,Karan Johar,2024-07-28 17:18:43
TXN-20866,Webcam,75.0,Vikram Malhotra,2024-07-29 05:21:23
TXN-20096,Smartphone,850.0,Vikram Malhotra,2024-07-29 07:06:53
TXN-20346,Keyboard,45.0,Ishani Das,2024-07-30 08:41:58
TXN-21100,Smartphone,850.0,Saira Khan,2024-07-30 22:11:42
TXN-21056,Mouse,25.0,Saira Khan,2024-07-31 06:07:24
TXN-20097,Laptop,1200.0,Ishani Das,2024-07-31 09:07:27
TXN-21199,Mouse,25.0,Kabir Mehra,2024-07-31 11:02:09
TXN-20593,Webcam,75.0,Priya Singh,2024-07-31 16:15:49
TXN-20233,Keyboard,45.0,Saira Khan,2024-07-31 20:53:10
TXN-20397,Webcam,75.0,Ananya Verma,2024-08-01 16:28:53
TXN-20888,Webcam,75.0,Kabir Mehra,2024-08-02 16:25:51
TXN-20320,Keyboard,45.0,Karan Johar,2024-08-03 19:10:17
TXN-20298,Webcam,75.0,Sneha Kulkarni,2024-08-04 02:12:36
TXN-20769,Mouse,25.0,Saira Khan,2024-08-04 14:32:02
TXN-20664,Keyboard,45.0,Meera Nair,2024-08-05 07:40:40
TXN-20294,Laptop,1200.0,Ananya Verma,2024-08-06 18:22:29
TXN-20130,Headphones,150.0,Saira Khan,2024-08-06 23:13:50
TXN-20844,Webcam,75.0,Arjun Sharma,2024-08-08 05:12:34
TXN-20027,Keyboard,45.0,Rohan Gupta,2024-08-08 05:27:22
TXN-20049,Mouse,25.0,Meera Nair,2024-08-09 04:12:55
TXN-20198,Monitor,300.0,Sneha Kulkarni,2024-08-09 15:27:39
TXN-20560,Mouse,25.0,Rohan Gupta,2024-08-09 15:33:20
TXN-20103,Tablet,500.0,Rohan Gupta,2024-08-09 17:48:04
TXN-20339,Keyboard,45.0,Manish Malhotra,2024-08-09 21:20:17
TXN-20848,Headphones,150.0,Rohan Gupta,2024-08-10 08:51:58
TXN-20180,Monitor,300.0,Saira Khan,2024-08-10 19:36:36
TXN-20044,Headphones,150.0,Ananya Verma,2024-08-10 23:08:51
TXN-20021,Mouse,25.0,Rahul Joshi,2024-08-11 12:59:07
TXN-20218,Laptop,1200.0,Kabir Mehra,2024-08-11 16:50:10
TXN-21030,Laptop,1200.0,Arjun Sharma,2024-08-12 17:17:29
TXN-21117,Monitor,300.0,Priya Singh,2024-08-13 22:49:32
TXN-20778,Tablet,500.0,Saira Khan,2024-08-14 20:59:37
TXN-20473,Laptop,1200.0,Manish Malhotra,2024-08-16 06:23:35
TXN-21043,Monitor,300.0,Arjun Sharma,2024-08-16 12:48:11
TXN-21059,Keyboard,45.0,Rahul Joshi,2024-08-16 21:18:18
TXN-20406,Monitor,300.0,Manish Malhotra,2024-08-17 15:29:48
TXN-20807,Laptop,1200.0,Vikram Malhotra,2024-08-18 11:57:40
TXN-21149,Webcam,75.0,Rohan Gupta,2024-08-18 19:09:04
TXN-21081,Tablet,500.0,Saira Khan,2024-08-20 03:46:10
TXN-20168,Monitor,300.0,Aditya Rao,2024-08-20 06:48:46
TXN-20699,Mouse,25.0,Rohan Gupta,2024-08-20 12:53:27
TXN-20840,Webcam,75.0,Karan Johar,2024-08-21 01:12:06
TXN-20637,Laptop,1200.0,Kabir Mehra,2024-08-21 06:28:51
TXN-20726,Laptop,1200.0,Manish Malhotra,2024-08-21 10:18:10
TXN-20609,Mouse,25.0,Sara Ali Khan,2024-08-21 18:15:01
TXN-21135,Headphones,150.0,Aditya Rao,2024-08-21 23:32:58
TXN-20539,Headphones,150.0,Saira Khan,2024-08-22 03:48:06
TXN-20246,Laptop,1200.0,Arjun Sharma,2024-08-22 05:19:01
TXN-20727,Laptop,1200.0,Rohan Gupta,2024-08-22 10:54:31
TXN-20449,Laptop,1200.0,Vikram Malhotra,2024-08-22 17:46:25
TXN-20078,Laptop,1200.0,Arjun Sharma,2024-08-23 20:39:05
TXN-20455,Monitor,300.0,Rahul Joshi,2024-08-23 21:00:04
TXN-20190,Monitor,300.0,Vikram Malhotra,2024-08-25 06:53:14
TXN-20912,Headphones,150.0,Saira Khan,2024-08-25 07:25:06
TXN-20089,Smartphone,850.0,Ishani Das,2024-08-25 08:48:22
TXN-20863,Laptop,1200.0,Arjun Sharma,2024-08-26 10:07:55
TXN-20031,Tablet,500.0,Kabir Mehra,2024-08-26 17:33:24
TXN-20309,Mouse,25.0,Rahul Joshi,2024-08-27 00:36:24
TXN-21196,Webcam,75.0,Rahul Joshi,2024-08-27 10:41:23
TXN-20969,Laptop,1200.0,Manish Malhotra,2024-08-28 08:37:05
TXN-20275,Tablet,500.0,Vikram Malhotra,2024-08-28 15:06:21
TXN-20580,Keyboard,45.0,Rohan Gupta,2024-08-29 02:11:28
TXN-21173,Tablet,500.0,Kabir Mehra,2024-08-29 09:59:31
TXN-20367,Webcam,75.0,Kabir Mehra,2024-08-29 17:12:16
TXN-20657,Headphones,150.0,Manish Malhotra,2024-08-30 17:11:22
TXN-20955,Monitor,300.0,Arjun Sharma,2024-08-30 19:38:03
TXN-20906,Headphones,150.0,Meera Nair,2024-09-01 06:41:31
TXN-21085,Webcam,75.0,Rohan Gupta,2024-09-01 11:24:29
TXN-20435,Mouse,25.0,Sneha Kulkarni,2024-09-01 19:29:18
TXN-20438,Tablet,500.0,Sara Ali Khan,2024-09-01 19:55:30
TXN-20232,Laptop,1200.0,Meera Nair,2024-09-02 10:59:08
TXN-20154,Monitor,300.0,Saira Khan,2024-09-02 20:00:22
TXN-20695,Keyboard,45.0,Sneha Kulkarni,2024-09-02 21:02:19
TXN-20799,Webcam,75.0,Priya Singh,2024-09-03 09:20:21
TXN-20740,Smartphone,850.0,Priya Singh,2024-09-04 00:01:43
TXN-20201,Smartphone,850.0,Priya Singh,2024-09-04 14:26:16
TXN-20317,Monitor,300.0,Sneha Kulkarni,2024-09-04 15:03:15
TXN-20191,Monitor,300.0,Meera Nair,2024-09-04 19:02:02
TXN-21109,Webcam,75.0,Karan Johar,2024-09-04 20:43:32
TXN-20442,Laptop,1200.0,Manish Malhotra,2024-09-05 13:07:20
TXN-20975,Mouse,25.0,Vikram Malhotra,2024-09-05 23:47:20
TXN-21145,Tablet,500.0,Karan Johar,2024-09-06 05:37:55
TXN-20306,Monitor,300.0,Sneha Kulkarni,2024-09-06 14:56:02
TXN-20591,Headphones,150.0,Sara Ali Khan,2024-09-06 16:49:28
TXN-21002,Mouse,25.0,Sara Ali Khan,2024-09-06 22:49:45
TXN-20270,Tablet,500.0,Karan Johar,2024-09-07 12:55:41
TXN-20811,Headphones,150.0,Karan Johar,2024-09-07 18:54:08
TXN-20550,Monitor,300.0,Ananya Verma,2024-09-07 19:39:22
TXN-20517,Laptop,1200.0,Kabir Mehra,2024-09-08 11:49:30
TXN-21062,Smartphone,850.0,Arjun Sharma,2024-09-09 07:16:55
TXN-20648,Keyboard,45.0,Aditya Rao,2024-09-10 08:02:27
TXN-21090,Keyboard,45.0,Arjun Sharma,2024-09-10 13:04:58
TXN-21134,Keyboard,45.0,Kabir Mehra,2024-09-10 23:04:35
TXN-21101,Tablet,500.0,Arjun Sharma,2024-09-11 09:14:02
TXN-20448,Laptop,1200.0,Aditya Rao,2024-09-12 01:42:21
TXN-20520,Tablet,500.0,Saira Khan,2024-09-12 02:31:02
TXN-20172,Mouse,25.0,Kabir Mehra,2024-09-12 19:36:18
TXN-20585,Tablet,500.0,Meera Nair,2024-09-13 03:44:01
TXN-21102,Mouse,25.0,Sneha Kulkarni,2024-09-13 05:13:06
TXN-20788,Mouse,25.0,Meera Nair,2024-09-13 21:37:30
TXN-20841,Mouse,25.0,Rahul Joshi,2024-09-14 09:45:48
TXN-20395,Keyboard,45.0,Saira Khan,2024-09-14 21:07:48
TXN-20356,Smartphone,850.0,Sneha Kulkarni,2024-09-14 23:20:03
TXN-20954,Tablet,500.0,Manish Malhotra,2024-09-15 11:08:24
TXN-21092,Laptop,1200.0,Rahul Joshi,2024-09-15 15:13:12
TXN-20289,Headphones,150.0,Kabir Mehra,2024-09-16 20:05:17
TXN-20041,Monitor,300.0,Vikram Malhotra,2024-09-17 14:11:06
TXN-20020,Webcam,75.0,Priya Singh,2024-09-17 23:27:21
TXN-20453,Laptop,1200.0,Kabir Mehra,2024-09-18 06:45:25
TXN-20725,Smartphone,850.0,Ishani Das,2024-09-18 12:25:43
TXN-20025,Headphones,150.0,Saira Khan,2024-09-19 23:32:27
TXN-20913,Laptop,1200.0,Ananya Verma,2024-09-20 17:34:29
TXN-21009,Headphones,150.0,Rohan Gupta,2024-09-22 07:17:28
TXN-20252,Monitor,300.0,Meera Nair,2024-09-22 16:31:45
TXN-20907,Monitor,300.0,Rohan Gupta,2024-09-22 17:16:34
TXN-20810,Headphones,150.0,Sara Ali Khan,2024-09-23 00:06:55
TXN-20467,Mouse,25.0,Meera Nair,2024-09-23 10:02:56
TXN-20193,Smartphone,850.0,Sara Ali Khan,2024-09-23 11:31:45
TXN-20372,Mouse,25.0,Ishani Das,2024-09-24 06:50:00
TXN-20728,Smartphone,850.0,Vikram Malhotra,2024-09-24 12:16:56
TXN-20600,Smartphone,850.0,Ishani Das,2024-09-24 15:46:44
TXN-20299,Laptop,1200.0,Ishani Das,2024-09-24 22:18:25
TXN-20119,Smartphone,850.0,Saira Khan,2024-09-25 00:01:56
TXN-20492,Laptop,1200.0,Manish Malhotra,2024-09-25 03:44:48
TXN-20631,Tablet,500.0,Rahul Joshi,2024-09-25 10:53:31
TXN-20204,Tablet,500.0,Rohan Gupta,2024-09-25 14:47:24
TXN-20622,Mouse,25.0,Sneha Kulkarni,2024-09-25 17:44:40
TXN-20773,Keyboard,45.0,Priya Singh,2024-09-26 09:57:41
TXN-21147,Mouse,25.0,Meera Nair,2024-09-27 04:02:17
TXN-20523,Webcam,75.0,Kabir Mehra,2024-09-27 10:11:13
TXN-20739,Keyboard,45.0,Karan Johar,2024-09-27 23:24:23
TXN-20900,Webcam,75.0,Arjun Sharma,2024-09-28 17:49:39
TXN-20762,Keyboard,45.0,Arjun Sharma,2024-09-28 22:54:43
TXN-20205,Webcam,75.0,Sneha Kulkarni,2024-09-29 01:47:30
TXN-20645,Tablet,500.0,Aditya Rao,2024-09-29 10:50:02
TXN-20815,Headphones,150.0,Rohan Gupta,2024-09-29 15:43:23
TXN-20238,Tablet,500.0,Sneha Kulkarni,2024-09-29 23:28:11
TXN-20017,Laptop,1200.0,Rahul Joshi,2024-09-30 21:19:07
TXN-20359,Headphones,150.0,Ananya Verma,2024-10-01 11:26:18
TXN-20742,Headphones,150.0,Rohan Gupta,2024-10-02 02:07:46
TXN-20331,Smartphone,850.0,Sara Ali Khan,2024-10-02 05:54:30
TXN-20109,Monitor,300.0,Ananya Verma,2024-10-02 09:59:23
TXN-20415,Webcam,75.0,Vikram Malhotra,2024-10-02 19:18:37
TXN-20806,Headphones,150.0,Aditya Rao,2024-10-03 07:01:27
TXN-20230,Tablet,500.0,Meera Nair,2024-10-03 08:34:01
TXN-20696,Headphones,150.0,Meera Nair,2024-10-03 17:26:34
TXN-21151,Webcam,75.0,Rahul Joshi,2024-10-04 03:03:13
TXN-20570,Smartphone,850.0,Vikram Malhotra,2024-10-04 03:07:54
TXN-20236,Laptop,1200.0,Meera Nair,2024-10-04 04:21:19
TXN-20414,Keyboard,45.0,Priya Singh,2024-10-06 09:51:46
TXN-20629,Monitor,300.0,Karan Johar,2024-10-06 18:15:02
TXN-20965,Smartphone,850.0,Saira Khan,2024-10-06 20:19:17
TXN-20164,Smartphone,850.0,Manish Malhotra,2024-10-08 06:29:09
TXN-20611,Tablet,500.0,Rahul Joshi,2024-10-08 16:22:21
TXN-20434,Smartphone,850.0,Kabir Mehra,2024-10-08 17:22:24
TXN-20325,Mouse,25.0,Rohan Gupta,2024-10-10 05:48:41
TXN-20660,Headphones,150.0,Meera Nair,2024-10-10 09:42:40
TXN-20162,Headphones,150.0,Arjun Sharma,2024-10-10 12:37:35
TXN-20047,Laptop,1200.0,Manish Malhotra,2024-10-10 13:58:50
TXN-20451,Webcam,75.0,Aditya Rao,2024-10-10 14:13:01
TXN-21189,Headphones,150.0,Priya Singh,2024-10-10 14:54:01
TXN-20004,Tablet,500.0,Rohan Gupta,2024-10-11 03:59:41
TXN-20902,Tablet,500.0,Kabir Mehra,2024-10-11 06:05:41
TXN-20522,Keyboard,45.0,Sneha Kulkarni,2024-10-11 14:03:04
TXN-20986,Tablet,500.0,Priya Singh,2024-10-11 21:30:33
TXN-20254,Mouse,25.0,Ishani Das,2024-10-12 04:21:18
TXN-21077,Monitor,300.0,Rahul Joshi,2024-10-12 04:44:11
TXN-20883,Mouse,25.0,Meera Nair,2024-10-13 11:07:58
TXN-20054,Tablet,500.0,Manish Malhotra,2024-10-13 16:57:06
TXN-20868,Laptop,1200.0,Ananya Verma,2024-10-13 21:02:12
TXN-20688,Headphones,150.0,Ishani Das,2024-10-13 23:58:19
TXN-20548,Laptop,1200.0,Sara Ali Khan,2024-10-14 01:21:31
TXN-20640,Tablet,500.0,Arjun Sharma,2024-10-14 04:27:06
TXN-21114,Laptop,1200.0,Rohan Gupta,2024-10-14 06:01:22
TXN-20586,Webcam,75.0,Meera Nair,2024-10-14 15:32:37
TXN-20345,Webcam,75.0,Karan Johar,2024-10-15 03:13:40
TXN-20366,Smartphone,850.0,Ishani Das,2024-10-15 09:23:37
TXN-21070,Monitor,300.0,Rahul Joshi,2024-10-15 11:00:11
TXN-21001,Laptop,1200.0,Sneha Kulkarni,2024-10-15 11:27:09
TXN-20763,Webcam,75.0,Aditya Rao,2024-10-15 18:02:36
TXN-20923,Keyboard,45.0,Saira Khan,2024-10-15 19:06:11
TXN-21046,Webcam,75.0,Priya Singh,2024-10-15 20:24:37
TXN-20264,Webcam,75.0,Ishani Das,2024-10-16 01:08:10
TXN-21067,Webcam,75.0,Ishani Das,2024-10-16 18:53:03
TXN-20606,Smartphone,850.0,Kabir Mehra,2024-10-16 22:15:48
TXN-20392,Keyboard,45.0,Kabir Mehra,2024-10-17 05:28:46
TXN-20967,Webcam,75.0,Kabir Mehra,2024-10-17 09:10:34
TXN-20002,Webcam,75.0,Manish Malhotra,2024-10-17 12:24:06
TXN-20290,Keyboard,45.0,Priya Singh,2024-10-17 21:59:45
TXN-20774,Smartphone,850.0,Saira Khan,2024-10-17 23:07:49
TXN-20371,Tablet,500.0,Sneha Kulkarni,2024-10-18 00:06:59
TXN-20893,Tablet,500.0,Manish Malhotra,2024-10-18 02:05:34
TXN-20140,Keyboard,45.0,Sara Ali Khan,2024-10-18 15:36:08
TXN-21155,Laptop,1200.0,Priya Singh,2024-10-19 18:09:51
TXN-20997,Keyboard,45.0,Sneha Kulkarni,2024-10-20 13:14:23
TXN-20358,Laptop,1200.0,Arjun Sharma,2024-10-21 23:00:03
TXN-21161,Headphones,150.0,Arjun Sharma,2024-10-22 00:45:40
TXN-20036,Smartphone,850.0,Karan Johar,2024-10-22 13:39:05
TXN-20814,Tablet,500.0,Manish Malhotra,2024-10-23 07:17:06
TXN-20160,Mouse,25.0,Rahul Joshi,2024-10-24 13:43:18
TXN-20364,Webcam,75.0,Meera Nair,2024-10-24 15:20:43
TXN-20633,Tablet,500.0,Manish Malhotra,2024-10-25 13:54:25
TXN-20680,Mouse,25.0,Ananya Verma,2024-10-26 01:49:58
TXN-20314,Laptop,1200.0,Vikram Malhotra,2024-10-26 10:08:15
TXN-20158,Tablet,500.0,Ishani Das,2024-10-26 18:08:33
TXN-20656,Tablet,500.0,Manish Malhotra,2024-10-26 22:48:57
TXN-20142,Headphones,150.0,Rahul Joshi,2024-10-28 02:08:04
TXN-20477,Keyboard,45.0,Manish Malhotra,2024-10-28 04:54:56
TXN-21051,Laptop,1200.0,Ananya Verma,2024-10-28 13:29:35
TXN-20504,Tablet,500.0,Arjun Sharma,2024-10-28 16:57:10
TXN-20685,Monitor,300.0,Rahul Joshi,2024-10-28 23:12:22
TXN-21195,Tablet,500.0,Ananya Verma,2024-10-29 05:38:32
TXN-20694,Mouse,25.0,Sara Ali Khan,2024-10-29 12:11:59
TXN-20084,Laptop,1200.0,Sneha Kulkarni,2024-10-29 13:51:48
TXN-20666,Keyboard,45.0,Saira Khan,2024-10-29 18:40:32
TXN-20125,Monitor,300.0,Ishani Das,2024-10-30 04:18:52
TXN-20148,Smartphone,850.0,Ishani Das,2024-10-30 05:34:02
TXN-21119,Webcam,75.0,Ananya Verma,2024-10-30 11:18:34
TXN-20620,Webcam,75.0,Arjun Sharma,2024-10-30 21:35:00
TXN-20528,Webcam,75.0,Sneha Kulkarni,2024-10-30 23:12:05
TXN-20934,Monitor,300.0,Arjun Sharma,2024-10-31 06:41:42
TXN-20984,Mouse,25.0,Arjun Sharma,2024-11-01 03:04:30
TXN-20750,Laptop,1200.0,Ishani Das,2024-11-01 03:37:55
TXN-20165,Webcam,75.0,Manish Malhotra,2024-11-01 17:01:41
TXN-20400,Monitor,300.0,Arjun Sharma,2024-11-01 17:32:23
TXN-20257,Tablet,500.0,Aditya Rao,2024-11-02 02:44:06
TXN-20644,Mouse,25.0,Manish Malhotra,2024-11-03 17:25:28
TXN-20450,Headphones,150.0,Karan Johar,2024-11-04 14:04:49
TXN-20437,Headphones,150.0,Meera Nair,2024-11-04 16:22:46
TXN-20990,Tablet,500.0,Karan Johar,2024-11-04 19:29:48
TXN-20852,Webcam,75.0,Saira Khan,2024-11-04 20:23:40
TXN-21144,Webcam,75.0,Sara Ali Khan,2024-11-04 23:46:10
TXN-20748,Keyboard,45.0,Rahul Joshi,2024-11-05 01:38:23
TXN-20454,Headphones,150.0,Rohan Gupta,2024-11-05 11:39:39
TXN-20649,Tablet,500.0,Kabir Mehra,2024-11-05 21:18:58
TXN-20617,Keyboard,45.0,Meera Nair,2024-11-06 04:00:04
TXN-20596,Mouse,25.0,Aditya Rao,2024-11-07 10:02:04
TXN-21024,Webcam,75.0,Sneha Kulkarni,2024-11-07 19:23:35
TXN-20143,Laptop,1200.0,Sneha Kulkarni,2024-11-08 19:57:28
TXN-20384,Laptop,1200.0,Sara Ali Khan,2024-11-09 21:42:38
TXN-21139,Webcam,75.0,Aditya Rao,2024-11-10 00:15:33
TXN-20167,Smartphone,850.0,Ananya Verma,2024-11-10 21:53:45
TXN-20101,Laptop,1200.0,Manish Malhotra,2024-11-11 11:44:29
TXN-20256,Mouse,25.0,Ananya Verma,2024-11-11 14:41:03
TXN-20741,Mouse,25.0,Kabir Mehra,2024-11-12 08:22:52
TXN-20601,Headphones,150.0,Rahul Joshi,2024-11-12 21:29:12
TXN-20625,Headphones,150.0,Manish Malhotra,2024-11-13 05:30:12
TXN-20544,Smartphone,850.0,Aditya Rao,2024-11-13 09:31:53
TXN-20830,Headphones,150.0,Rahul Joshi,2024-11-13 12:50:01
TXN-20909,Tablet,500.0,Sneha Kulkarni,2024-11-13 16:50:03
TXN-20764,Keyboard,45.0,Manish Malhotra,2024-11-13 20:13:16
TXN-20117,Laptop,1200.0,Ishani Das,2024-11-14 04:53:24
TXN-20792,Monitor,300.0,Vikram Malhotra,2024-11-14 14:59:30
TXN-21080,Monitor,300.0,Aditya Rao,2024-11-14 16:19:02
TXN-20461,Mouse,25.0,Manish Malhotra,2024-11-14 21:38:29
TXN-21068,Laptop,1200.0,Meera Nair,2024-11-15 03:08:56
TXN-20350,Smartphone,850.0,Ishani Das,2024-11-15 07:41:47
TXN-20880,Smartphone,850.0,Ishani Das,2024-11-15 08:58:45
TXN-20444,Tablet,500.0,Vikram Malhotra,2024-11-15 21:44:20
TXN-20721,Mouse,25.0,Karan Johar,2024-11-16 05:46:08
TXN-20718,Mouse,25.0,Rahul Joshi,2024-11-17 08:07:45
TXN-20904,Smartphone,850.0,Karan Johar,2024-11-17 20:02:02
TXN-21034,Headphones,150.0,Manish Malhotra,2024-11-19 10:34:24
TXN-20813,Keyboard,45.0,Meera Nair,2024-11-19 13:01:57
TXN-20681,Smartphone,850.0,Karan Johar,2024-11-19 21:00:37
TXN-20873,Keyboard,45.0,Vikram Malhotra,2024-11-20 01:11:11
TXN-20469,Smartphone,850.0,Aditya Rao,2024-11-20 07:12:31
TXN-20171,Keyboard,45.0,Saira Khan,2024-11-20 19:13:03
TXN-20627,Keyboard,45.0,Priya Singh,2024-11-21 12:42:16
TXN-20886,Mouse,25.0,Aditya Rao,2024-11-21 15:52:28
TXN-20784,Monitor,300.0,Ishani Das,2024-11-21 16:45:15
TXN-20055,Webcam,75.0,Sneha Kulkarni,2024-11-22 05:32:37
TXN-20496,Laptop,1200.0,Ishani Das,2024-11-23 01:52:37
TXN-21168,Webcam,75.0,Ananya Verma,2024-11-23 03:16:12
TXN-20234,Webcam,75.0,Karan Johar,2024-11-23 05:16:36
TXN-20231,Laptop,1200.0,Aditya Rao,2024-11-23 07:02:31
TXN-20575,Tablet,500.0,Manish Malhotra,2024-11-24 06:11:37
TXN-20446,Tablet,500.0,Meera Nair,2024-11-24 08:23:23
TXN-20480,Webcam,75.0,Ishani Das,2024-11-25 21:40:26
TXN-20981,Laptop,1200.0,Manish Malhotra,2024-11-26 17:15:22
TXN-20786,Mouse,25.0,Priya Singh,2024-11-26 17:43:48
TXN-20587,Laptop,1200.0,Priya Singh,2024-11-26 21:29:49
TXN-21124,Mouse,25.0,Meera Nair,2024-11-27 05:08:48
TXN-20960,Webcam,75.0,Karan Johar,2024-11-27 22:00:02
TXN-20229,Monitor,300.0,Kabir Mehra,2024-11-28 08:43:41
TXN-21053,Tablet,500.0,Ishani Das,2024-11-28 17:25:28
TXN-21074,Tablet,500.0,Rohan Gupta,2024-11-29 00:15:55
TXN-20024,Keyboard,45.0,Sara Ali Khan,2024-11-29 18:01:14
TXN-21078,Mouse,25.0,Sara Ali Khan,2024-11-30 02:48:04
TXN-20099,Keyboard,45.0,Arjun Sharma,2024-11-30 15:53:34
TXN-20108,Webcam,75.0,Sneha Kulkarni,2024-12-01 03:36:40
TXN-20222,Headphones,150.0,Saira Khan,2024-12-03 05:44:13
TXN-20348,Monitor,300.0,Meera Nair,2024-12-04 01:50:21
TXN-20373,Keyboard,45.0,Sara Ali Khan,2024-12-04 03:02:32
TXN-20931,Laptop,1200.0,Aditya Rao,2024-12-06 06:56:13
TXN-21065,Laptop,1200.0,Ishani Das,2024-12-06 09:15:30
TXN-20490,Tablet,500.0,Sneha Kulkarni,2024-12-08 02:28:21
TXN-20176,Monitor,300.0,Aditya Rao,2024-12-08 06:37:16
TXN-20723,Laptop,1200.0,Kabir Mehra,2024-12-08 15:33:46
TXN-20052,Headphones,150.0,Saira Khan,2024-12-08 16:17:45
TXN-20743,Headphones,150.0,Sara Ali Khan,2024-12-08 17:46:53
TXN-20425,Tablet,500.0,Manish Malhotra,2024-12-09 14:06:50
TXN-20533,Headphones,150.0,Sara Ali Khan,2024-12-10 13:31:45
TXN-20519,Webcam,75.0,Sneha Kulkarni,2024-12-10 20:59:06
TXN-20029,Webcam,75.0,Rohan Gupta,2024-12-11 18:34:55
TXN-20857,Webcam,75.0,Ananya Verma,2024-12-12 03:39:08
TXN-20067,Monitor,300.0,Ananya Verma,2024-12-12 16:20:14
TXN-20508,Smartphone,850.0,Ananya Verma,2024-12-12 16:29:54
TXN-20540,Monitor,300.0,Sneha Kulkarni,2024-12-12 20:31:06
TXN-20499,Keyboard,45.0,Karan Johar,2024-12-13 17:48:24
TXN-20284,Headphones,150.0,Vikram Malhotra,2024-12-14 13:14:28
TXN-20953,Headphones,150.0,Arjun Sharma,2024-12-14 18:56:47
TXN-20729,Tablet,500.0,Ishani Das,2024-12-14 19:48:37
TXN-21122,Mouse,25.0,Manish Malhotra,2024-12-15 09:31:54
TXN-21076,Laptop,1200.0,Karan Johar,2024-12-15 18:57:35
TXN-20567,Monitor,300.0,Kabir Mehra,2024-12-16 14:26:46
TXN-20301,Mouse,25.0,Kabir Mehra,2024-12-16 14:38:23
TXN-20825,Monitor,300.0,Vikram Malhotra,2024-12-17 12:56:44
TXN-20206,Webcam,75.0,Ananya Verma,2024-12-18 03:25:27
TXN-20023,Keyboard,45.0,Arjun Sharma,2024-12-18 08:48:32
TXN-20816,Tablet,500.0,Rohan Gupta,2024-12-18 21:22:37
TXN-20474,Webcam,75.0,Sneha Kulkarni,2024-12-19 06:37:02
TXN-20710,Tablet,500.0,Ananya Verma,2024-12-19 06:42:28
TXN-20045,Keyboard,45.0,Priya Singh,2024-12-20 00:06:04
TXN-20065,Mouse,25.0,Aditya Rao,2024-12-21 03:17:19
TXN-20124,Tablet,500.0,Kabir Mehra,2024-12-21 05:43:05
TXN-20615,Headphones,150.0,Arjun Sharma,2024-12-21 12:15:09
TXN-20388,Keyboard,45.0,Arjun Sharma,2024-12-21 14:31:58
TXN-20749,Monitor,300.0,Sara Ali Khan,2024-12-22 05:03:07
TXN-20083,Webcam,75.0,Manish Malhotra,2024-12-22 12:40:19
TXN-20463,Headphones,150.0,Sneha Kulkarni,2024-12-23 23:45:25
TXN-20182,Laptop,1200.0,Kabir Mehra,2024-12-25 02:31:35
TXN-20064,Mouse,25.0,Karan Johar,2024-12-25 21:34:48
TXN-20801,Headphones,150.0,Ananya Verma,2024-12-27 00:18:24
TXN-20498,Smartphone,850.0,Ishani Das,2024-12-27 06:19:14
TXN-20935,Mouse,25.0,Sara Ali Khan,2024-12-28 00:52:55
TXN-21159,Keyboard,45.0,Ananya Verma,2024-12-30 05:27:36
TXN-20972,Laptop,1200.0,Rohan Gupta,2024-12-30 12:15:10
TXN-21019,Monitor,300.0,Rohan Gupta,2024-12-30 16:13:47
TXN-21142,Headphones,150.0,Ananya Verma,2024-12-30 23:30:38
TXN-20418,Tablet,500.0,Meera Nair,2024-12-31 01:17:53
TXN-20156,Tablet,500.0,Rohan Gupta,2024-12-31 09:42:28
TXN-20012,Webcam,75.0,Arjun Sharma,2024-12-31 14:13:21
TXN-21141,Laptop,1200.0,Karan Johar,2024-12-31 16:39:36
TXN-20333,Mouse,25.0,Saira Khan,2025-01-01 10:47:23
TXN-21003,Webcam,75.0,Rohan Gupta,2025-01-01 19:59:06
TXN-20113,Keyboard,45.0,Sara Ali Khan,2025-01-02 12:01:25
TXN-21153,Laptop,1200.0,Rahul Joshi,2025-01-02 21:58:17
TXN-20475,Keyboard,45.0,Saira Khan,2025-01-03 05:50:40
TXN-21148,Smartphone,850.0,Saira Khan,2025-01-03 13:16:46
TXN-21032,Keyboard,45.0,Sara Ali Khan,2025-01-03 19:21:56
TXN-20958,Keyboard,45.0,Karan Johar,2025-01-04 02:14:24
TXN-21184,Smartphone,850.0,Ishani Das,2025-01-04 04:19:11
TXN-20133,Keyboard,45.0,Priya Singh,2025-01-04 14:03:45
TXN-21010,Keyboard,45.0,Priya Singh,2025-01-04 21:09:38
TXN-20069,Webcam,75.0,Rohan Gupta,2025-01-05 03:57:29
TXN-20791,Monitor,300.0,Saira Khan,2025-01-05 18:55:53
TXN-20280,Mouse,25.0,Rahul Joshi,2025-01-05 19:34:18
TXN-20798,Headphones,150.0,Ananya Verma,2025-01-06 09:20:24
TXN-20667,Mouse,25.0,Rahul Joshi,2025-01-06 12:24:17
TXN-20850,Smartphone,850.0,Karan Johar,2025-01-07 00:17:03
TXN-20169,Laptop,1200.0,Sneha Kulkarni,2025-01-07 01:53:55
TXN-21111,Webcam,75.0,Priya Singh,2025-01-07 12:12:24
TXN-20537,Keyboard,45.0,Meera Nair,2025-01-08 07:09:02
TXN-20085,Monitor,300.0,Karan Johar,2025-01-09 02:40:45
TXN-20318,Laptop,1200.0,Meera Nair,2025-01-09 07:07:07
TXN-21174,Tablet,500.0,Arjun Sharma,2025-01-09 11:32:23
TXN-20715,Mouse,25.0,Sneha Kulkarni,2025-01-09 22:45:40
TXN-20095,Headphones,150.0,Manish Malhotra,2025-01-10 01:00:12
TXN-20579,Keyboard,45.0,Vikram Malhotra,2025-01-10 01:48:41
TXN-20915,Keyboard,45.0,Rohan Gupta,2025-01-10 05:10:14
TXN-20068,Smartphone,850.0,Vikram Malhotra,2025-01-10 18:12:03
TXN-20562,Headphones,150.0,Meera Nair,2025-01-10 20:20:10
TXN-20833,Monitor,300.0,Sara Ali Khan,2025-01-11 02:41:22
TXN-20869,Keyboard,45.0,Priya Singh,2025-01-11 03:16:51
TXN-21105,Laptop,1200.0,Kabir Mehra,2025-01-11 14:32:20
TXN-20746,Smartphone,850.0,Meera Nair,2025-01-11 15:05:35
TXN-20652,Smartphone,850.0,Aditya Rao,2025-01-12 01:07:08
TXN-21014,Keyboard,45.0,Vikram Malhotra,2025-01-12 05:09:52
TXN-20717,Keyboard,45.0,Ishani Das,2025-01-12 17:41:45
TXN-20381,Monitor,300.0,Saira Khan,2025-01-13 11:04:37
TXN-20409,Laptop,1200.0,Meera Nair,2025-01-13 12:01:28
TXN-20001,Mouse,25.0,Rahul Joshi,2025-01-13 17:03:23
TXN-21028,Monitor,300.0,Vikram Malhotra,2025-01-14 20:11:47
TXN-20053,Mouse,25.0,Rohan Gupta,2025-01-15 00:30:36
TXN-21167,Laptop,1200.0,Sara Ali Khan,2025-01-15 00:42:36
TXN-20447,Tablet,500.0,Manish Malhotra,2025-01-15 13:40:59
TXN-20175,Laptop,1200.0,Rahul Joshi,2025-01-16 06:01:59
TXN-21083,Tablet,500.0,Kabir Mehra,2025-01-16 11:35:30
TXN-20734,Webcam,75.0,Arjun Sharma,2025-01-17 14:56:04
TXN-20858,Mouse,25.0,Saira Khan,2025-01-17 21:54:27
TXN-20216,Webcam,75.0,Sneha Kulkarni,2025-01-17 23:05:18
TXN-20235,Headphones,150.0,Rahul Joshi,2025-01-18 01:01:09
TXN-20735,Webcam,75.0,Karan Johar,2025-01-18 13:23:54
TXN-20628,Headphones,150.0,Manish Malhotra,2025-01-19 16:36:03
TXN-20352,Monitor,300.0,Kabir Mehra,2025-01-20 10:23:05
TXN-20756,Webcam,75.0,Ananya Verma,2025-01-20 12:05:32
TXN-20258,Keyboard,45.0,Aditya Rao,2025-01-20 14:44:16
TXN-20554,Monitor,300.0,Kabir Mehra,2025-01-20 21:42:35
TXN-20219,Monitor,300.0,Ananya Verma,2025-01-21 00:48:20
TXN-20122,Tablet,500.0,Sara Ali Khan,2025-01-21 01:03:24
TXN-20966,Headphones,150.0,Ishani Das,2025-01-21 02:47:09
TXN-20871,Tablet,500.0,Ananya Verma,2025-01-21 05:49:28
TXN-20249,Webcam,75.0,Sneha Kulkarni,2025-01-21 06:02:25
TXN-20281,Keyboard,45.0,Vikram Malhotra,2025-01-21 10:01:45
TXN-20607,Mouse,25.0,Aditya Rao,2025-01-22 15:33:33
TXN-20914,Tablet,500.0,Aditya Rao,2025-01-22 18:19:16
TXN-20705,Mouse,25.0,Aditya Rao,2025-01-23 15:21:19
TXN-21050,Laptop,1200.0,Ishani Das,2025-01-23 23:24:26
TXN-20430,Webcam,75.0,Saira Khan,2025-01-24 09:45:09
TXN-21104,Smartphone,850.0,Aditya Rao,2025-01-25 11:37:54
TXN-20277,Webcam,75.0,Meera Nair,2025-01-25 18:15:03
TXN-20207,Monitor,300.0,Vikram Malhotra,2025-01-26 18:22:41
TXN-20432,Mouse,25.0,Sara Ali Khan,2025-01-26 22:43:14
TXN-20754,Laptop,1200.0,Manish Malhotra,2025-01-26 23:38:34
TXN-20782,Mouse,25.0,Saira Khan,2025-01-29 09:02:10
TXN-20834,Laptop,1200.0,Karan Johar,2025-01-29 16:20:12
TXN-20693,Smartphone,850.0,Karan Johar,2025-01-30 00:45:30
TXN-20019,Tablet,500.0,Aditya Rao,2025-01-30 04:29:12
TXN-21017,Laptop,1200.0,Priya Singh,2025-01-30 09:12:58
TXN-20553,Smartphone,850.0,Aditya Rao,2025-01-31 02:44:19
TXN-21177,Webcam,75.0,Vikram Malhotra,2025-01-31 17:07:57
TXN-20226,Headphones,150.0,Ananya Verma,2025-02-01 01:13:08
TXN-20783,Keyboard,45.0,Arjun Sharma,2025-02-01 01:17:12
TXN-20072,Tablet,500.0,Ishani Das,2025-02-01 07:27:27
TXN-20546,Headphones,150.0,Aditya Rao,2025-02-01 19:47:10
TXN-21071,Headphones,150.0,Sneha Kulkarni,2025-02-02 11:53:11
TXN-20982,Monitor,300.0,Priya Singh,2025-02-02 20:45:12
TXN-20963,Laptop,1200.0,Ananya Verma,2025-02-03 12:44:31
TXN-20413,Mouse,25.0,Ishani Das,2025-02-04 07:30:06
TXN-20910,Laptop,1200.0,Rahul Joshi,2025-02-04 10:54:21
TXN-20139,Laptop,1200.0,Sara Ali Khan,2025-02-05 22:52:04
TXN-20159,Webcam,75.0,Karan Johar,2025-02-05 23:33:25
TXN-20911,Headphones,150.0,Ananya Verma,2025-02-06 11:14:13
TXN-20747,Tablet,500.0,Sara Ali Khan,2025-02-06 12:37:52
TXN-20194,Keyboard,45.0,Sneha Kulkarni,2025-02-06 17:22:57
TXN-20919,Keyboard,45.0,Karan Johar,2025-02-07 14:47:29
TXN-21156,Mouse,25.0,Vikram Malhotra,2025-02-08 04:22:12
TXN-21126,Headphones,150.0,Kabir Mehra,2025-02-08 12:43:25
TXN-20856,Monitor,300.0,Meera Nair,2025-02-08 16:43:03
TXN-20621,Tablet,500.0,Manish Malhotra,2025-02-08 19:23:54
TXN-20321,Monitor,300.0,Saira Khan,2025-02-09 00:42:56
TXN-20713,Laptop,1200.0,Sara Ali Khan,2025-02-09 14:48:07
TXN-20501,Webcam,75.0,Ishani Das,2025-02-10 00:56:04
TXN-20847,Keyboard,45.0,Ananya Verma,2025-02-10 15:23:48
TXN-20404,Mouse,25.0,Aditya Rao,2025-02-10 17:53:01
TXN-20808,Headphones,150.0,Manish Malhotra,2025-02-10 20:41:41
TXN-21133,Tablet,500.0,Rahul Joshi,2025-02-11 00:19:51
TXN-20214,Monitor,300.0,Rahul Joshi,2025-02-12 09:25:52
TXN-21066,Tablet,500.0,Priya Singh,2025-02-12 19:05:21
TXN-21087,Laptop,1200.0,Rahul Joshi,2025-02-13 09:55:19
TXN-20188,Tablet,500.0,Kabir Mehra,2025-02-13 21:06:22
TXN-20922,Mouse,25.0,Manish Malhotra,2025-02-16 18:49:02
TXN-20057,Headphones,150.0,Rahul Joshi,2025-02-16 21:23:40
TXN-20638,Smartphone,850.0,Sneha Kulkarni,2025-02-17 03:13:05
TXN-21186,Smartphone,850.0,Ananya Verma,2025-02-17 16:36:55
TXN-20551,Headphones,150.0,Vikram Malhotra,2025-02-18 10:26:09
TXN-20976,Smartphone,850.0,Karan Johar,2025-02-18 14:18:19
TXN-20887,Webcam,75.0,Meera Nair,2025-02-19 00:56:36
TXN-20005,Tablet,500.0,Saira Khan,2025-02-19 23:43:05
TXN-20030,Webcam,75.0,Aditya Rao,2025-02-20 01:47:17
TXN-20369,Mouse,25.0,Arjun Sharma,2025-02-20 04:59:48
TXN-20452,Monitor,300.0,Priya Singh,2025-02-21 14:28:15
TXN-20489,Smartphone,850.0,Priya Singh,2025-02-21 17:00:10
TXN-20945,Keyboard,45.0,Saira Khan,2025-02-21 18:34:04
TXN-20008,Tablet,500.0,Priya Singh,2025-02-22 12:15:13
TXN-21073,Keyboard,45.0,Saira Khan,2025-02-23 20:07:29
TXN-20363,Webcam,75.0,Sara Ali Khan,2025-02-24 09:22:00
TXN-20828,Smartphone,850.0,Ananya Verma,2025-02-25 22:52:08
TXN-20458,Keyboard,45.0,Sara Ali Khan,2025-02-26 14:58:09
TXN-20128,Webcam,75.0,Ishani Das,2025-02-26 17:52:19
TXN-20998,Webcam,75.0,Priya Singh,2025-02-26 18:54:22
TXN-20402,Tablet,500.0,Vikram Malhotra,2025-02-26 23:43:19
TXN-20744,Smartphone,850.0,Karan Johar,2025-02-27 03:47:59
TXN-20063,Webcam,75.0,Sara Ali Khan,2025-02-27 15:56:29
TXN-20552,Tablet,500.0,Meera Nair,2025-02-27 18:20:53
TXN-21061,Monitor,300.0,Kabir Mehra,2025-02-28 00:57:41
TXN-20006,Smartphone,850.0,Kabir Mehra,2025-02-28 06:53:01
TXN-20335,Webcam,75.0,Meera Nair,2025-03-01 07:01:51
TXN-20145,Webcam,75.0,Saira Khan,2025-03-01 17:22:59
TXN-21180,Headphones,150.0,Vikram Malhotra,2025-03-01 20:04:15
TXN-20405,Tablet,500.0,Vikram Malhotra,2025-03-01 21:42:28
TXN-21146,Keyboard,45.0,Rohan Gupta,2025-03-02 07:58:43
TXN-20855,Tablet,500.0,Priya Singh,2025-03-03 00:20:15
TXN-20302,Smartphone,850.0,Arjun Sharma,2025-03-03 10:46:15
TXN-20086,Mouse,25.0,Sara Ali Khan,2025-03-05 05:23:02
TXN-20177,Mouse,25.0,Manish Malhotra,2025-03-05 22:16:23
TXN-20379,Webcam,75.0,Kabir Mehra,2025-03-05 22:55:56
TXN-20464,Keyboard,45.0,Ananya Verma,2025-03-06 04:35:13
TXN-20265,Laptop,1200.0,Rahul Joshi,2025-03-06 13:35:10
TXN-20315,Webcam,75.0,Ishani Das,2025-03-06 13:43:47
TXN-20608,Monitor,300.0,Vikram Malhotra,2025-03-07 01:39:16
TXN-20286,Smartphone,850.0,Vikram Malhotra,2025-03-07 05:42:45
TXN-20524,Headphones,150.0,Priya Singh,2025-03-07 08:42:36
TXN-20682,Headphones,150.0,Saira Khan,2025-03-07 19:36:23
TXN-20203,Mouse,25.0,Ishani Das,2025-03-08 10:46:36
TXN-20391,Laptop,1200.0,Aditya Rao,2025-03-08 12:45:35
TXN-20679,Mouse,25.0,Manish Malhotra,2025-03-08 16:43:04
TXN-20709,Keyboard,45.0,Karan Johar,2025-03-08 22:04:04
TXN-20428,Tablet,500.0,Saira Khan,2025-03-09 11:10:54
TXN-20248,Mouse,25.0,Karan Johar,2025-03-09 14:27:52
TXN-20357,Mouse,25.0,Arjun Sharma,2025-03-10 12:49:31
TXN-20181,Laptop,1200.0,Aditya Rao,2025-03-10 13:00:30
TXN-20494,Monitor,300.0,Karan Johar,2025-03-10 17:10:32
TXN-20151,Smartphone,850.0,Saira Khan,2025-03-12 05:30:27
TXN-20077,Smartphone,850.0,Aditya Rao,2025-03-12 10:12:08
TXN-20973,Mouse,25.0,Manish Malhotra,2025-03-12 17:11:59
TXN-20115,Laptop,1200.0,Saira Khan,2025-03-14 01:25:45
TXN-20220,Mouse,25.0,Kabir Mehra,2025-03-14 12:00:31
TXN-20861,Webcam,75.0,Sneha Kulkarni,2025-03-15 04:10:11
TXN-20340,Mouse,25.0,Meera Nair,2025-03-15 10:31:36
TXN-20411,Smartphone,850.0,Priya Singh,2025-03-16 01:59:12
TXN-20630,Webcam,75.0,Saira Khan,2025-03-16 03:34:53
TXN-20957,Mouse,25.0,Saira Khan,2025-03-16 07:35:57
TXN-20662,Headphones,150.0,Rohan Gupta,2025-03-16 08:08:20
TXN-21064,Keyboard,45.0,Aditya Rao,2025-03-16 08:56:58
TXN-21181,Mouse,25.0,Priya Singh,2025-03-18 00:29:36
TXN-20812,Smartphone,850.0,Rahul Joshi,2025-03-18 20:45:41
TXN-20422,Smartphone,850.0,Kabir Mehra,2025-03-19 04:52:02
TXN-20731,Mouse,25.0,Rahul Joshi,2025-03-19 08:10:31
TXN-20777,Mouse,25.0,Kabir Mehra,2025-03-20 04:40:26
TXN-20964,Headphones,150.0,Rohan Gupta,2025-03-20 15:27:58
TXN-20344,Headphones,150.0,Rohan Gupta,2025-03-22 22:11:21
TXN-20518,Smartphone,850.0,Rohan Gupta,2025-03-23 12:53:33
TXN-21191,Keyboard,45.0,Manish Malhotra,2025-03-24 08:07:57
TXN-21089,Headphones,150.0,Karan Johar,2025-03-24 20:28:29
TXN-20767,Tablet,500.0,Sara Ali Khan,2025-03-26 08:31:48
TXN-20701,Keyboard,45.0,Aditya Rao,2025-03-26 10:31:05
TXN-20732,Webcam,75.0,Sneha Kulkarni,2025-03-27 00:34:32
TXN-20636,Headphones,150.0,Meera Nair,2025-03-27 13:56:02
TXN-20107,Monitor,300.0,Rahul Joshi,2025-03-28 08:10:59
TXN-20010,Keyboard,45.0,Aditya Rao,2025-03-28 21:07:20
TXN-20502,Mouse,25.0,Manish Malhotra,2025-03-29 07:58:19
TXN-20541,Keyboard,45.0,Ananya Verma,2025-03-30 18:38:50
TXN-20324,Headphones,150.0,Ananya Verma,2025-03-31 03:24:49
TXN-20602,Webcam,75.0,Meera Nair,2025-03-31 17:14:45
TXN-20478,Tablet,500.0,Aditya Rao,2025-03-31 23:54:22
TXN-20535,Tablet,500.0,Aditya Rao,2025-04-01 01:26:33
TXN-20013,Smartphone,850.0,Karan Johar,2025-04-01 09:39:21
TXN-20276,Keyboard,45.0,Sneha Kulkarni,2025-04-01 19:47:07
TXN-20383,Monitor,300.0,Ishani Das,2025-04-01 19:56:40
TXN-20433,Webcam,75.0,Sara Ali Khan,2025-04-01 21:19:57
TXN-20691,Mouse,25.0,Arjun Sharma,2025-04-02 03:42:10
TXN-21165,Webcam,75.0,Rohan Gupta,2025-04-02 10:18:49
TXN-21088,Tablet,500.0,Rahul Joshi,2025-04-02 12:17:19
TXN-21166,Tablet,500.0,Meera Nair,2025-04-02 13:31:05
TXN-20689,Webcam,75.0,Karan Johar,2025-04-03 19:28:35
TXN-20279,Tablet,500.0,Kabir Mehra,2025-04-04 08:24:40
TXN-20135,Tablet,500.0,Priya Singh,2025-04-04 14:03:19
TXN-21057,Keyboard,45.0,Karan Johar,2025-04-05 18:25:44
TXN-20420,Tablet,500.0,Karan Johar,2025-04-06 16:57:49
TXN-20374,Laptop,1200.0,Kabir Mehra,2025-04-07 03:49:59
TXN-20221,Headphones,150.0,Meera Nair,2025-04-08 02:41:55
TXN-20594,Headphones,150.0,Saira Khan,2025-04-08 23:36:26
TXN-20436,Monitor,300.0,Rahul Joshi,2025-04-09 08:35:42
TXN-20555,Smartphone,850.0,Rohan Gupta,2025-04-09 09:40:19
TXN-20745,Tablet,500.0,Saira Khan,2025-04-09 19:39:33
TXN-20692,Laptop,1200.0,Manish Malhotra,2025-04-10 03:18:26
TXN-20011,Monitor,300.0,Arjun Sharma,2025-04-11 08:36:56
TXN-20603,Keyboard,45.0,Sneha Kulkarni,2025-04-11 12:05:50
TXN-20920,Webcam,75.0,Priya Singh,2025-04-11 13:38:26
TXN-20061,Smartphone,850.0,Saira Khan,2025-04-11 14:35:28
TXN-21069,Keyboard,45.0,Aditya Rao,2025-04-11 16:13:08
TXN-21093,Tablet,500.0,Sneha Kulkarni,2025-04-11 21:08:51
TXN-20738,Laptop,1200.0,Sneha Kulkarni,2025-04-12 13:26:20
TXN-20564,Webcam,75.0,Karan Johar,2025-04-13 12:39:19
TXN-20056,Monitor,300.0,Saira Khan,2025-04-14 06:53:25
TXN-20827,Mouse,25.0,Priya Singh,2025-04-14 08:13:24
TXN-21011,Laptop,1200.0,Rohan Gupta,2025-04-14 09:34:05
TXN-21163,Mouse,25.0,Priya Singh,2025-04-14 14:36:44
TXN-20330,Smartphone,850.0,Sara Ali Khan,2025-04-14 18:36:58
TXN-20939,Monitor,300.0,Arjun Sharma,2025-04-15 01:34:56
TXN-20062,Monitor,300.0,Saira Khan,2025-04-15 06:34:57
TXN-20916,Keyboard,45.0,Rahul Joshi,2025-04-15 21:06:59
TXN-20296,Smartphone,850.0,Vikram Malhotra,2025-04-18 20:07:28
TXN-20408,Laptop,1200.0,Vikram Malhotra,2025-04-18 22:01:39
TXN-20556,Smartphone,850.0,Sneha Kulkarni,2025-04-20 06:43:48
TXN-20282,Keyboard,45.0,Sneha Kulkarni,2025-04-20 08:07:00
TXN-20860,Laptop,1200.0,Ishani Das,2025-04-20 11:47:52
TXN-20884,Monitor,300.0,Rohan Gupta,2025-04-20 18:42:21
TXN-20410,Webcam,75.0,Meera Nair,2025-04-22 00:19:16
TXN-20313,Webcam,75.0,Ananya Verma,2025-04-22 05:07:53
TXN-20316,Smartphone,850.0,Kabir Mehra,2025-04-22 05:18:55
TXN-21115,Headphones,150.0,Sara Ali Khan,2025-04-22 06:43:06
TXN-20195,Tablet,500.0,Aditya Rao,2025-04-23 02:17:05
TXN-20484,Monitor,300.0,Kabir Mehra,2025-04-24 02:59:10
TXN-20271,Mouse,25.0,Vikram Malhotra,2025-04-24 07:44:09
TXN-20829,Monitor,300.0,Saira Khan,2025-04-24 15:47:59
TXN-20026,Webcam,75.0,Manish Malhotra,2025-04-24 20:19:34
TXN-21129,Webcam,75.0,Rohan Gupta,2025-04-25 13:14:05
TXN-20698,Webcam,75.0,Ananya Verma,2025-04-25 18:27:47
TXN-20583,Smartphone,850.0,Priya Singh,2025-04-26 05:02:00
TXN-20595,Keyboard,45.0,Ishani Das,2025-04-26 14:27:37
TXN-20209,Tablet,500.0,Ananya Verma,2025-04-26 22:07:40
TXN-20898,Tablet,500.0,Arjun Sharma,2025-04-27 01:13:02
TXN-20978,Laptop,1200.0,Aditya Rao,2025-04-27 04:22:44
TXN-20341,Monitor,300.0,Vikram Malhotra,2025-04-27 04:36:16
TXN-20071,Monitor,300.0,Ananya Verma,2025-04-27 20:12:27
TXN-20037,Keyboard,45.0,Arjun Sharma,2025-04-27 23:48:37
TXN-21035,Monitor,300.0,Kabir Mehra,2025-04-28 03:14:55
TXN-20273,Headphones,150.0,Sneha Kulkarni,2025-04-28 12:14:44
TXN-20225,Tablet,500.0,Manish Malhotra,2025-04-28 12:23:05
TXN-21020,Headphones,150.0,Arjun Sharma,2025-04-28 18:38:19
TXN-20126,Keyboard,45.0,Kabir Mehra,2025-04-29 02:34:24
TXN-20941,Laptop,1200.0,Sneha Kulkarni,2025-04-29 04:57:20
TXN-20870,Tablet,500.0,Ananya Verma,2025-04-29 12:20:15
TXN-20936,Tablet,500.0,Kabir Mehra,2025-04-29 19:23:26
TXN-20803,Monitor,300.0,Ishani Das,2025-04-29 22:03:28
TXN-20479,Tablet,500.0,Priya Singh,2025-04-30 02:06:15
TXN-21140,Headphones,150.0,Manish Malhotra,2025-04-30 17:55:26
TXN-20592,Keyboard,45.0,Saira Khan,2025-04-30 23:41:01
TXN-20268,Webcam,75.0,Karan Johar,2025-05-01 02:07:25
TXN-20000,Keyboard,45.0,Sneha Kulkarni,2025-05-01 20:46:15
TXN-21038,Headphones,150.0,Rahul Joshi,2025-05-02 07:20:44
TXN-20612,Headphones,150.0,Priya Singh,2025-05-02 21:13:06
TXN-20598,Mouse,25.0,Vikram Malhotra,2025-05-03 03:48:55
TXN-20152,Tablet,500.0,Ishani Das,2025-05-03 23:16:39
TXN-20394,Webcam,75.0,Kabir Mehra,2025-05-03 23:45:07
TXN-20385,Tablet,500.0,Ishani Das,2025-05-04 02:38:15
TXN-20149,Laptop,1200.0,Ishani Das,2025-05-04 13:09:44
TXN-21128,Tablet,500.0,Karan Johar,2025-05-04 13:42:04
TXN-20921,Headphones,150.0,Meera Nair,2025-05-04 23:50:38
TXN-20147,Laptop,1200.0,Arjun Sharma,2025-05-05 01:31:51
TXN-20295,Tablet,500.0,Rahul Joshi,2025-05-05 05:22:39
TXN-20303,Headphones,150.0,Aditya Rao,2025-05-05 07:02:28
TXN-20098,Mouse,25.0,Aditya Rao,2025-05-05 07:43:21
TXN-21042,Headphones,150.0,Vikram Malhotra,2025-05-05 18:23:41
TXN-20605,Smartphone,850.0,Arjun Sharma,2025-05-06 07:09:11
TXN-20817,Monitor,300.0,Saira Khan,2025-05-07 08:34:25
TXN-20319,Smartphone,850.0,Priya Singh,2025-05-08 03:13:46
TXN-20269,Headphones,150.0,Sara Ali Khan,2025-05-09 00:44:13
TXN-20390,Laptop,1200.0,Karan Johar,2025-05-09 01:03:56
TXN-20917,Laptop,1200.0,Karan Johar,2025-05-09 15:52:53
TXN-21125,Mouse,25.0,Rohan Gupta,2025-05-10 03:21:40
TXN-20824,Webcam,75.0,Rahul Joshi,2025-05-10 20:10:48
TXN-20102,Laptop,1200.0,Rohan Gupta,2025-05-11 08:46:03
TXN-20042,Keyboard,45.0,Vikram Malhotra,2025-05-12 01:18:09
TXN-20822,Laptop,1200.0,Saira Khan,2025-05-12 10:31:29
TXN-20427,Laptop,1200.0,Priya Singh,2025-05-12 18:38:37
TXN-21095,Tablet,500.0,Arjun Sharma,2025-05-13 00:10:31
TXN-20192,Smartphone,850.0,Priya Singh,2025-05-14 00:32:10
TXN-21188,Laptop,1200.0,Arjun Sharma,2025-05-14 00:34:16
TXN-20105,Webcam,75.0,Kabir Mehra,2025-05-14 08:47:12
TXN-20087,Monitor,300.0,Ishani Das,2025-05-14 22:13:29
TXN-20377,Monitor,300.0,Arjun Sharma,2025-05-15 01:52:47
TXN-20261,Keyboard,45.0,Sara Ali Khan,2025-05-15 19:21:36
TXN-21197,Headphones,150.0,Manish Malhotra,2025-05-15 23:44:26
TXN-21152,Headphones,150.0,Manish Malhotra,2025-05-16 04:26:11
TXN-21157,Webcam,75.0,Meera Nair,2025-05-16 18:36:33
TXN-21031,Tablet,500.0,Vikram Malhotra,2025-05-17 05:44:47
TXN-20933,Laptop,1200.0,Sara Ali Khan,2025-05-17 08:10:23
TXN-20441,Smartphone,850.0,Saira Khan,2025-05-17 13:51:06
TXN-20937,Keyboard,45.0,Ishani Das,2025-05-19 00:32:35
TXN-20051,Keyboard,45.0,Manish Malhotra,2025-05-19 16:40:03
TXN-20918,Keyboard,45.0,Kabir Mehra,2025-05-19 21:38:16
TXN-20899,Mouse,25.0,Aditya Rao,2025-05-20 03:07:47
TXN-20088,Laptop,1200.0,Sneha Kulkarni,2025-05-20 09:06:40
TXN-20929,Mouse,25.0,Arjun Sharma,2025-05-20 22:21:07
TXN-20529,Monitor,300.0,Ishani Das,2025-05-21 21:56:13
TXN-20924,Keyboard,45.0,Arjun Sharma,2025-05-22 15:25:06
TXN-20396,Laptop,1200.0,Saira Khan,2025-05-22 20:18:10
TXN-20312,Smartphone,850.0,Sara Ali Khan,2025-05-23 18:36:28
TXN-20210,Keyboard,45.0,Priya Singh,2025-05-24 01:09:12
TXN-20616,Headphones,150.0,Vikram Malhotra,2025-05-24 10:26:49
TXN-20292,Monitor,300.0,Sara Ali Khan,2025-05-25 16:20:25
TXN-20618,Laptop,1200.0,Meera Nair,2025-05-25 20:39:42
TXN-20368,Tablet,500.0,Kabir Mehra,2025-05-26 04:27:49
TXN-20991,Mouse,25.0,Kabir Mehra,2025-05-27 08:41:29
TXN-21015,Webcam,75.0,Karan Johar,2025-05-27 10:50:53
TXN-20610,Webcam,75.0,Kabir Mehra,2025-05-29 11:03:30
TXN-20760,Smartphone,850.0,Sneha Kulkarni,2025-05-31 19:33:16
TXN-20661,Monitor,300.0,Manish Malhotra,2025-05-31 23:01:29
TXN-20073,Laptop,1200.0,Sara Ali Khan,2025-06-01 04:51:47
TXN-20360,Mouse,25.0,Saira Khan,2025-06-01 18:13:03
TXN-21091,Tablet,500.0,Aditya Rao,2025-06-02 05:45:50
TXN-20424,Monitor,300.0,Saira Khan,2025-06-02 07:44:10
TXN-21160,Smartphone,850.0,Vikram Malhotra,2025-06-02 11:33:11
TXN-21136,Tablet,500.0,Priya Singh,2025-06-02 16:14:44
TXN-20895,Smartphone,850.0,Aditya Rao,2025-06-02 19:22:38
TXN-20985,Webcam,75.0,Ishani Das,2025-06-02 22:45:31
TXN-20538,Headphones,150.0,Priya Singh,2025-06-03 23:59:10
TXN-20930,Headphones,150.0,Rahul Joshi,2025-06-04 23:22:07
TXN-20488,Headphones,150.0,Sara Ali Khan,2025-06-05 22:35:28
TXN-20845,Headphones,150.0,Rahul Joshi,2025-06-06 12:52:51
TXN-20110,Tablet,500.0,Aditya Rao,2025-06-07 02:59:03
TXN-20403,Monitor,300.0,Ananya Verma,2025-06-07 11:31:21
TXN-20532,Headphones,150.0,Rohan Gupta,2025-06-07 17:01:10
TXN-20512,Monitor,300.0,Saira Khan,2025-06-07 20:31:16
TXN-20111,Tablet,500.0,Vikram Malhotra,2025-06-07 21:27:15
TXN-20677,Keyboard,45.0,Kabir Mehra,2025-06-08 02:50:06
TXN-20671,Keyboard,45.0,Sara Ali Khan,2025-06-08 06:23:46
TXN-20932,Tablet,500.0,Manish Malhotra,2025-06-08 08:05:27
TXN-20874,Webcam,75.0,Kabir Mehra,2025-06-08 14:58:07
TXN-20737,Headphones,150.0,Karan Johar,2025-06-08 17:38:44
TXN-20421,Monitor,300.0,Priya Singh,2025-06-09 14:32:16
TXN-20584,Laptop,1200.0,Rohan Gupta,2025-06-09 22:38:42
TXN-20854,Monitor,300.0,Karan Johar,2025-06-10 06:53:03
TXN-20250,Webcam,75.0,Manish Malhotra,2025-06-10 19:45:42
TXN-20823,Tablet,500.0,Meera Nair,2025-06-10 20:47:05
TXN-20719,Mouse,25.0,Sneha Kulkarni,2025-06-12 16:09:38
TXN-20530,Headphones,150.0,Sara Ali Khan,2025-06-12 20:02:31
TXN-20835,Smartphone,850.0,Saira Khan,2025-06-13 00:33:30
TXN-20634,Laptop,1200.0,Karan Johar,2025-06-13 14:34:37
TXN-20146,Webcam,75.0,Vikram Malhotra,2025-06-14 17:05:03
TXN-20347,Smartphone,850.0,Rahul Joshi,2025-06-14 21:05:23
TXN-20161,Webcam,75.0,Priya Singh,2025-06-15 05:08:34
TXN-21143,Mouse,25.0,Kabir Mehra,2025-06-15 11:21:18
TXN-20635,Webcam,75.0,Meera Nair,2025-06-15 14:19:02
TXN-20892,Mouse,25.0,Rohan Gupta,2025-06-16 07:07:48
TXN-21036,Tablet,500.0,Sara Ali Khan,2025-06-16 14:09:24
TXN-20561,Monitor,300.0,Saira Khan,2025-06-17 08:29:04
TXN-20423,Laptop,1200.0,Rahul Joshi,2025-06-17 11:38:40
TXN-20759,Tablet,500.0,Kabir Mehra,2025-06-17 13:26:14
TXN-21103,Headphones,150.0,Karan Johar,2025-06-17 22:22:23
TXN-20994,Webcam,75.0,Vikram Malhotra,2025-06-18 14:06:46
TXN-20308,Webcam,75.0,Sara Ali Khan,2025-06-19 02:45:40
TXN-20996,Laptop,1200.0,Rohan Gupta,2025-06-21 07:48:31
TXN-20690,Keyboard,45.0,Manish Malhotra,2025-06-21 10:56:40
TXN-20559,Keyboard,45.0,Ananya Verma,2025-06-21 14:06:16
TXN-20050,Laptop,1200.0,Aditya Rao,2025-06-21 21:39:07
TXN-20793,Laptop,1200.0,Aditya Rao,2025-06-22 06:09:03
TXN-21072,Monitor,300.0,Kabir Mehra,2025-06-22 09:16:25
TXN-20310,Keyboard,45.0,Ishani Das,2025-06-22 09:28:44
TXN-20903,Monitor,300.0,Arjun Sharma,2025-06-22 16:56:20
TXN-20509,Tablet,500.0,Sneha Kulkarni,2025-06-23 12:32:03
TXN-21012,Keyboard,45.0,Vikram Malhotra,2025-06-24 03:15:43
